{
  "version": "0.3.0",
  "scope": "tree",
  "id": "cd775959-58e9-4a7d-a75c-67cc713f91c0",
  "title": "bbr_search",
  "description": "",
  "root": "4fe95b4e-b94e-41c9-8c08-6a00fd8878f9",
  "properties": {},
  "nodes": {
    "4fe95b4e-b94e-41c9-8c08-6a00fd8878f9": {
      "id": "4fe95b4e-b94e-41c9-8c08-6a00fd8878f9",
      "name": "Priority",
      "title": "Priority",
      "description": "先按这样的顺序先吧，其实应该有各种前提条件的",
      "properties": {},
      "display": {
        "x": -240,
        "y": 0
      },
      "children": [
        "1b9c83b5-bc45-46e5-95af-02f634ab751a",
        "0d842546-b133-4475-85b7-ce11213b281c"
      ]
    },
    "c45d7417-1a2b-49c0-94ee-fd41ca64b26c": {
      "id": "c45d7417-1a2b-49c0-94ee-fd41ca64b26c",
      "name": "FindAttackTarget",
      "title": "FindAttackTarget(<index>,<range>)",
      "description": "",
      "properties": {
        "index": "attackTarget",
        "range": 4
      },
      "display": {
        "x": 108,
        "y": 132
      }
    },
    "45d2ccdb-a13d-4418-89e3-a5f96cb9a2ac": {
      "id": "45d2ccdb-a13d-4418-89e3-a5f96cb9a2ac",
      "name": "FindNearUnit2",
      "title": "FindNearUnit2(<index>,<unitKind>,<dis>)",
      "description": "",
      "properties": {
        "index": "foodTarget",
        "unitKind": 32,
        "dis": 5
      },
      "display": {
        "x": 288,
        "y": -252
      }
    },
    "2e98a1ab-e1a8-4289-a5fa-46d7da046b94": {
      "id": "2e98a1ab-e1a8-4289-a5fa-46d7da046b94",
      "name": "FindNearUnit2",
      "title": "FindNearUnit2(<index>,<unitKind>,<dis>)",
      "description": "",
      "properties": {
        "index": "foodTarget",
        "unitKind": 64,
        "dis": 5
      },
      "display": {
        "x": 288,
        "y": -168
      }
    },
    "50505dd5-e60d-4853-924e-333e050a2c21": {
      "id": "50505dd5-e60d-4853-924e-333e050a2c21",
      "name": "CheckNearAttackPlayer",
      "title": "CheckNearAttackPlayer(<index>)",
      "description": "",
      "properties": {
        "index": "attackTarget"
      },
      "display": {
        "x": 372,
        "y": 48
      }
    },
    "0d842546-b133-4475-85b7-ce11213b281c": {
      "id": "0d842546-b133-4475-85b7-ce11213b281c",
      "name": "Sequence",
      "title": "Sequence",
      "description": "",
      "properties": {},
      "display": {
        "x": -108,
        "y": 96
      },
      "children": [
        "7b087fac-aae1-4749-880e-42d0b93fc438",
        "c45d7417-1a2b-49c0-94ee-fd41ca64b26c"
      ]
    },
    "7b087fac-aae1-4749-880e-42d0b93fc438": {
      "id": "7b087fac-aae1-4749-880e-42d0b93fc438",
      "name": "Inverter",
      "title": "Inverter",
      "description": "",
      "properties": {},
      "display": {
        "x": 84,
        "y": 48
      },
      "child": "50505dd5-e60d-4853-924e-333e050a2c21"
    },
    "1b9c83b5-bc45-46e5-95af-02f634ab751a": {
      "id": "1b9c83b5-bc45-46e5-95af-02f634ab751a",
      "name": "Sequence",
      "title": "Sequence",
      "description": "",
      "properties": {},
      "display": {
        "x": -120,
        "y": -252
      },
      "children": [
        "629834c8-a6af-4a3a-948b-160cbe83c0e6",
        "2eb4e4a7-18ab-47d4-8510-e7062c145084"
      ]
    },
    "d22317d8-c97e-4130-a16f-6efc110b716e": {
      "id": "d22317d8-c97e-4130-a16f-6efc110b716e",
      "name": "CheakBall",
      "title": "CheakBall(<index>)",
      "description": "",
      "properties": {
        "index": "foodTarget"
      },
      "display": {
        "x": 228,
        "y": -336
      }
    },
    "629834c8-a6af-4a3a-948b-160cbe83c0e6": {
      "id": "629834c8-a6af-4a3a-948b-160cbe83c0e6",
      "name": "Inverter",
      "title": "Inverter",
      "description": "",
      "properties": {},
      "display": {
        "x": 36,
        "y": -336
      },
      "child": "d22317d8-c97e-4130-a16f-6efc110b716e"
    },
    "2eb4e4a7-18ab-47d4-8510-e7062c145084": {
      "id": "2eb4e4a7-18ab-47d4-8510-e7062c145084",
      "name": "Priority",
      "title": "Priority",
      "description": "先按这样的顺序先吧，其实应该有各种前提条件的",
      "properties": {},
      "display": {
        "x": 24,
        "y": -204
      },
      "children": [
        "45d2ccdb-a13d-4418-89e3-a5f96cb9a2ac",
        "2e98a1ab-e1a8-4289-a5fa-46d7da046b94"
      ]
    }
  },
  "display": {
    "camera_x": 929,
    "camera_y": 495,
    "camera_z": 1,
    "x": -372,
    "y": 0
  },
  "custom_nodes": [
    {
      "version": "0.3.0",
      "scope": "node",
      "name": "Log",
      "category": "action",
      "title": "Log",
      "properties": {}
    },
    {
      "version": "0.3.0",
      "scope": "node",
      "name": "AttrLimit",
      "category": "condition",
      "title": "AttrLimit[<attr>]<<limit>",
      "properties": {}
    },
    {
      "version": "0.3.0",
      "scope": "node",
      "name": "Rand",
      "category": "action",
      "title": "Rand[<index>]",
      "properties": {}
    },
    {
      "version": "0.3.0",
      "scope": "node",
      "name": "TurnIndex",
      "category": "action",
      "title": "TurnIndex[<index>]",
      "properties": {}
    },
    {
      "version": "0.3.0",
      "scope": "node",
      "name": "CheakBall",
      "category": "condition",
      "title": "CheakBall[<index>]",
      "properties": {}
    },
    {
      "version": "0.3.0",
      "scope": "node",
      "name": "TurnTarget",
      "category": "action",
      "title": "TurnTarget[<index>]",
      "properties": {}
    },
    {
      "version": "0.3.0",
      "scope": "node",
      "name": "CheckEnemyNear",
      "category": "condition",
      "title": "CheckEnemyNear",
      "properties": {}
    },
    {
      "version": "0.3.0",
      "scope": "node",
      "name": "CheckNearPlayer",
      "category": "condition",
      "title": "CheckNearPlayer",
      "properties": {}
    },
    {
      "version": "0.3.0",
      "scope": "node",
      "name": "CheckBool",
      "category": "condition",
      "title": "CheckBool",
      "properties": {}
    },
    {
      "version": "0.3.0",
      "scope": "node",
      "name": "CastSkill",
      "category": "action",
      "title": "CastSkill",
      "properties": {}
    },
    {
      "version": "0.3.0",
      "scope": "node",
      "name": "CancelSkill",
      "category": "action",
      "title": "CancelSkill",
      "properties": {}
    },
    {
      "version": "0.3.0",
      "scope": "node",
      "name": "TargetAttrLess",
      "category": "condition",
      "title": "",
      "properties": {}
    },
    {
      "version": "0.3.0",
      "scope": "node",
      "name": "FaceToTarget",
      "category": "action",
      "title": null,
      "properties": {}
    },
    {
      "version": "0.3.0",
      "scope": "node",
      "name": "FindUnitByType",
      "category": "action",
      "title": null,
      "properties": {}
    },
    {
      "version": "0.3.0",
      "scope": "node",
      "name": "WalkFarAwayTarget",
      "category": "action",
      "title": null,
      "properties": {}
    },
    {
      "version": "0.3.0",
      "scope": "node",
      "name": "WalkToTarget",
      "category": "action",
      "title": null,
      "properties": {}
    },
    {
      "version": "0.3.0",
      "scope": "node",
      "name": "UseSkill",
      "category": "action",
      "title": null,
      "properties": {}
    },
    {
      "version": "0.3.0",
      "scope": "node",
      "name": "WalkTo",
      "category": "action",
      "title": null,
      "properties": {}
    },
    {
      "version": "0.3.0",
      "scope": "node",
      "name": "WalkToPoint",
      "category": "action",
      "title": null,
      "properties": {}
    },
    {
      "version": "0.3.0",
      "scope": "node",
      "name": "CondLessInt",
      "category": "condition",
      "title": "",
      "properties": {}
    },
    {
      "version": "0.3.0",
      "scope": "node",
      "name": "IfTrue",
      "category": "decorator",
      "title": null,
      "properties": {}
    },
    {
      "version": "0.3.0",
      "scope": "node",
      "name": "IfFalse",
      "category": "decorator",
      "title": null,
      "properties": {}
    },
    {
      "version": "0.3.0",
      "scope": "node",
      "name": "Random",
      "category": "composite",
      "title": null,
      "properties": {}
    },
    {
      "version": "0.3.0",
      "scope": "node",
      "name": "SetValue",
      "category": "action",
      "title": null,
      "properties": {}
    },
    {
      "version": "0.3.0",
      "scope": "node",
      "name": "CondLess",
      "category": "decorator",
      "title": null,
      "properties": {}
    },
    {
      "version": "0.3.0",
      "scope": "node",
      "name": "CondEqualValue",
      "category": "decorator",
      "title": null,
      "properties": {}
    },
    {
      "version": "0.3.0",
      "scope": "node",
      "name": "Loop",
      "category": "composite",
      "title": "Loop(<maxLoop>)",
      "properties": {}
    },
    {
      "version": "0.3.0",
      "scope": "node",
      "name": "SNKFindAvoidAngle",
      "category": "action",
      "title": null,
      "properties": {}
    },
    {
      "version": "0.3.0",
      "scope": "node",
      "name": "FindDeadBody",
      "category": "action",
      "title": null,
      "properties": {}
    },
    {
      "version": "0.3.0",
      "scope": "node",
      "name": "CondMidValue",
      "category": "decorator",
      "title": "CondMidValue<index> <min>-<max>",
      "properties": {}
    },
    {
      "version": "0.3.0",
      "scope": "node",
      "name": "CondMoreValue",
      "category": "decorator",
      "title": "CondMoreValue[<index>]><value>",
      "properties": {}
    },
    {
      "version": "0.3.0",
      "scope": "node",
      "name": "SNKSpeedUp",
      "category": "action",
      "title": "SNKSpeedUp isOn:<IsOn>",
      "properties": {}
    },
    {
      "version": "0.3.0",
      "scope": "node",
      "name": "RandSetValue",
      "category": "action",
      "title": "RandSetValue[<StoreIndex>]:[<RandMin>-<RandMax>]",
      "properties": {}
    },
    {
      "version": "0.3.0",
      "scope": "node",
      "name": "SNKTurnIndex",
      "category": "action",
      "title": "SNKTurnIndex<AngleIndex>",
      "properties": {}
    },
    {
      "version": "0.3.0",
      "scope": "node",
      "name": "CondBoolTrue",
      "category": "decorator",
      "title": "CondBoolTrue <Index>",
      "properties": {}
    },
    {
      "version": "0.3.0",
      "scope": "node",
      "name": "SubTree",
      "category": "action",
      "title": "SubTree(<treeName>)",
      "description": null,
      "properties": {}
    },
    {
      "version": "0.3.0",
      "scope": "node",
      "name": "FindNearUnit",
      "category": "action",
      "title": "FindNearUnit(<index>,<unitKind>)",
      "properties": {}
    },
    {
      "version": "0.3.0",
      "scope": "node",
      "name": "FindAttackTarget",
      "category": "action",
      "title": "FindAttackTarget(<index>,<range>)",
      "properties": {
        "index": "attackTarget",
        "range": 4
      }
    },
    {
      "version": "0.3.0",
      "scope": "node",
      "name": "CheckNearAttackPlayer",
      "category": "condition",
      "title": "CheckNearAttackPlayer(<index>)",
      "properties": {
        "index": "attackTarget"
      }
    },
    {
      "version": "0.3.0",
      "scope": "node",
      "name": "TurnTargetPlayer",
      "category": "action",
      "title": "TurnTargetPlayer(<index>)",
      "properties": {
        "index": "attackTarget"
      }
    },
    {
      "version": "0.3.0",
      "scope": "node",
      "name": "CheckDis",
      "category": "condition",
      "title": "CheckDis(<index>,<dis>)",
      "description": null,
      "properties": {}
    },
    {
      "version": "0.3.0",
      "scope": "node",
      "name": "SendFace",
      "category": "action",
      "title": "SendFace(<rand>,<face>)",
      "properties": {
        "rand": 100,
        "face": "emo1,emo2,emo3,emo4,emo5"
      }
    },
    {
      "version": "0.3.0",
      "scope": "node",
      "name": "SpeedUp",
      "category": "action",
      "title": "SpeedUp(<isOn>)",
      "properties": {}
    },
    {
      "version": "0.3.0",
      "scope": "node",
      "name": "EnemyToAttackTarget",
      "category": "action",
      "title": "EnemyToAttackTarget(<index1>, <index2>)",
      "description": null,
      "properties": {
        "index1": "enemy",
        "index2": "attackTarget"
      }
    },
    {
      "version": "0.3.0",
      "scope": "node",
      "name": "HpMoreThan",
      "category": "condition",
      "title": "HpMoreThan(<rate>)",
      "description": null,
      "properties": {
        "rate": 0.5
      }
    },
    {
      "version": "0.3.0",
      "scope": "node",
      "name": "Parallel",
      "category": "composite",
      "title": "Parallel(<fail_cond>, <succ_cond>)",
      "properties": {
        "fail_cond": 0,
        "succ_cond": 0
      }
    },
    {
      "version": "0.3.0",
      "scope": "node",
      "name": "CompositeSkillMemSeq",
      "category": "composite",
      "title": "CompositeSkillMemSeq",
      "description": null,
      "properties": {}
    },
    {
      "version": "0.3.0",
      "scope": "node",
      "name": "ActionThrowBall",
      "category": "action",
      "title": "ActionThrowBall",
      "description": "投掷一个球(锤子、炸弹等)\nball_type: 球类型\nspeed: 球移动的速度\nball_skill: 球技能",
      "properties": {
        "ball_type": 0,
        "speed": 0,
        "ball_skill": 0
      }
    },
    {
      "version": "0.3.0",
      "scope": "node",
      "name": "CheckSkill",
      "category": "condition",
      "title": "CheckSkill",
      "description": "检查角色身上 是否有某技能未开始执行",
      "properties": {
        "skillid": 0
      }
    },
    {
      "version": "0.3.0",
      "scope": "node",
      "name": "ActionNextSceneRander5",
      "category": "action",
      "title": "ActionNextSceneRander5",
      "description": "等待，直到n个Scene::rander5()被执行",
      "properties": {
        "canAttack": 0,
        "n": 5
      }
    },
    {
      "version": "0.3.0",
      "scope": "node",
      "name": "ActionAttack1",
      "category": "action",
      "title": "ActionAttack1",
      "description": "三段式攻击第一段 - 即普通攻击",
      "properties": {
        "skillid": 100
      }
    },
    {
      "version": "0.3.0",
      "scope": "node",
      "name": "ActionAttack2",
      "category": "action",
      "title": "ActionAttack2",
      "description": "三段式攻击 - 第二段",
      "properties": {
        "skillid": 101
      }
    },
    {
      "version": "0.3.0",
      "scope": "node",
      "name": "ActionAttack3",
      "category": "action",
      "title": "ActionAttack3",
      "description": "三段式攻击 - 第三段",
      "properties": {
        "skillid": 102
      }
    },
    {
      "version": "0.3.0",
      "scope": "node",
      "name": "MoveCtrl",
      "category": "action",
      "title": "MoveCtrl(<isOn>)",
      "description": null,
      "properties": {
        "isOn": 1
      }
    },
    {
      "version": "0.3.0",
      "scope": "node",
      "name": "MoveBack",
      "category": "action",
      "title": "MoveBack(<index>)",
      "description": null,
      "properties": {
        "index": "attackTarget"
      }
    },
    {
      "version": "0.3.0",
      "scope": "node",
      "name": "CheckDis2",
      "category": "action",
      "title": "CheckDis2(<index>, <dis>)",
      "description": null,
      "properties": {
        "dis": 0,
        "index": "attackTarget"
      }
    },
    {
      "version": "0.3.0",
      "scope": "node",
      "name": "BBCastSkill",
      "category": "action",
      "title": "BBCastSkill(<skillid>,<index>)",
      "description": null,
      "properties": {}
    },
    {
      "version": "0.3.0",
      "scope": "node",
      "name": "FindNearUnit2",
      "category": "action",
      "title": "FindNearUnit2(<index>,<unitKind>,<dis>)",
      "description": null,
      "properties": {}
    },
    {
      "version": "0.3.0",
      "scope": "node",
      "name": "WaitSkillIdle",
      "category": "action",
      "title": "WaitSkillIdle",
      "description": null,
      "properties": {}
    },
    {
      "version": "0.3.0",
      "scope": "node",
      "name": "TurnAwayTarget",
      "category": "action",
      "title": "TurnAwayTarget(<index>)",
      "properties": {}
    }
  ]
}