{
  "version": "0.3.0",
  "scope": "tree",
  "id": "251e34b7-6ae9-4774-8ada-4bb28ef3fc12",
  "title": "bbr_02",
  "description": "",
  "root": "5618ca9c-bb9f-4b55-a913-ab837c15c5a6",
  "properties": {},
  "nodes": {
    "5618ca9c-bb9f-4b55-a913-ab837c15c5a6": {
      "id": "5618ca9c-bb9f-4b55-a913-ab837c15c5a6",
      "name": "Parallel",
      "title": "Parallel(<fail_cond>, <succ_cond>)",
      "description": "",
      "properties": {
        "fail_cond": 0,
        "succ_cond": 0
      },
      "display": {
        "x": -288,
        "y": -48
      },
      "children": [
        "9a45afac-406a-4026-b3ec-ca24bb8af8d5",
        "4fa78618-fe2c-478e-81e6-c2a9ce6fd4b0",
        "e3e513ba-84d9-4e6e-8743-8d47b0920b0b",
        "c582b775-67ca-4882-8ef2-e71ecc1a2047"
      ]
    },
    "93f49537-a3b5-4406-8e5b-60ab0a0ceb25": {
      "id": "93f49537-a3b5-4406-8e5b-60ab0a0ceb25",
      "name": "CheckNearPlayer",
      "title": "CheckNearPlayer(<index>)",
      "description": "",
      "properties": {
        "index": "enemy"
      },
      "display": {
        "x": 48,
        "y": -300
      }
    },
    "76a09a35-79f1-4cf0-8767-d9a16e0feeca": {
      "id": "76a09a35-79f1-4cf0-8767-d9a16e0feeca",
      "name": "EnemyToAttackTarget",
      "title": "EnemyToAttackTarget(<index1>, <index2>)",
      "description": "",
      "properties": {
        "index1": "enemy",
        "index2": "attackTarget"
      },
      "display": {
        "x": 108,
        "y": -252
      }
    },
    "9a45afac-406a-4026-b3ec-ca24bb8af8d5": {
      "id": "9a45afac-406a-4026-b3ec-ca24bb8af8d5",
      "name": "Sequence",
      "title": "Sequence",
      "description": "",
      "properties": {},
      "display": {
        "x": -156,
        "y": -252
      },
      "children": [
        "93f49537-a3b5-4406-8e5b-60ab0a0ceb25",
        "76a09a35-79f1-4cf0-8767-d9a16e0feeca"
      ]
    },
    "c582b775-67ca-4882-8ef2-e71ecc1a2047": {
      "id": "c582b775-67ca-4882-8ef2-e71ecc1a2047",
      "name": "FindAttackTarget",
      "title": "FindAttackTarget(<index>,<range>)",
      "description": "",
      "properties": {
        "index": "attackTarget",
        "range": 4
      },
      "display": {
        "x": 12,
        "y": 816
      }
    },
    "2ae65e26-8b84-4984-b6e2-eaf8971de76c": {
      "id": "2ae65e26-8b84-4984-b6e2-eaf8971de76c",
      "name": "SubTree",
      "title": "SubTree(<treeName>)",
      "description": "",
      "properties": {
        "treeName": "rand_move.json"
      },
      "display": {
        "x": 468,
        "y": 324
      }
    },
    "cf8ac9eb-3a76-46fa-839e-48120f580406": {
      "id": "cf8ac9eb-3a76-46fa-839e-48120f580406",
      "name": "MemSequence",
      "title": "MemSequence",
      "description": "",
      "properties": {},
      "display": {
        "x": 252,
        "y": -12
      },
      "children": [
        "e6fd2398-8663-4d30-8387-9ce7e0f2a6fa",
        "5d19b401-0f22-4d20-94bd-a8c6a1215693",
        "bb8a5cf8-b70a-4139-8c08-a19141f9f464",
        "119da68d-4ec9-4ae6-a2d9-60ea94afb1c1",
        "ae71f79d-d6de-4ed5-b9b4-5295107173cc"
      ]
    },
    "119da68d-4ec9-4ae6-a2d9-60ea94afb1c1": {
      "id": "119da68d-4ec9-4ae6-a2d9-60ea94afb1c1",
      "name": "Wait",
      "title": "Wait <milliseconds>ms",
      "description": "",
      "properties": {
        "milliseconds": 100
      },
      "display": {
        "x": 432,
        "y": 108
      }
    },
    "ae71f79d-d6de-4ed5-b9b4-5295107173cc": {
      "id": "ae71f79d-d6de-4ed5-b9b4-5295107173cc",
      "name": "SpeedUp",
      "title": "SpeedUp(<isOn>)",
      "description": "",
      "properties": {
        "isOn": 0
      },
      "display": {
        "x": 432,
        "y": 168
      }
    },
    "5d19b401-0f22-4d20-94bd-a8c6a1215693": {
      "id": "5d19b401-0f22-4d20-94bd-a8c6a1215693",
      "name": "CheckNearAttackPlayer",
      "title": "CheckNearAttackPlayer(<index>)",
      "description": "",
      "properties": {
        "index": "attackTarget"
      },
      "display": {
        "x": 528,
        "y": -240
      }
    },
    "4eb615d6-e51f-4214-88b5-81fac4753286": {
      "id": "4eb615d6-e51f-4214-88b5-81fac4753286",
      "name": "TurnTargetPlayer",
      "title": "TurnTargetPlayer(<index>)",
      "description": "",
      "properties": {
        "index": "attackTarget",
        "target": "attackTarget"
      },
      "display": {
        "x": 672,
        "y": -12
      }
    },
    "fbd9671e-611c-40ed-acbe-6f4aa987c222": {
      "id": "fbd9671e-611c-40ed-acbe-6f4aa987c222",
      "name": "SubTree",
      "title": "SubTree(<treeName>)",
      "description": "",
      "properties": {
        "treeName": "eat_food.json"
      },
      "display": {
        "x": 456,
        "y": 252
      }
    },
    "e6fd2398-8663-4d30-8387-9ce7e0f2a6fa": {
      "id": "e6fd2398-8663-4d30-8387-9ce7e0f2a6fa",
      "name": "MoveCtrl",
      "title": "MoveCtrl(<isOn>)",
      "description": "",
      "properties": {
        "isOn": 1
      },
      "display": {
        "x": 444,
        "y": -324
      }
    },
    "4fa78618-fe2c-478e-81e6-c2a9ce6fd4b0": {
      "id": "4fa78618-fe2c-478e-81e6-c2a9ce6fd4b0",
      "name": "MemPriority",
      "title": "MemPriority",
      "description": "",
      "properties": {},
      "display": {
        "x": 108,
        "y": 0
      },
      "children": [
        "cf8ac9eb-3a76-46fa-839e-48120f580406",
        "fbd9671e-611c-40ed-acbe-6f4aa987c222",
        "2ae65e26-8b84-4984-b6e2-eaf8971de76c"
      ]
    },
    "51e2184c-df59-4aab-8dc1-72f6e8a940ca": {
      "id": "51e2184c-df59-4aab-8dc1-72f6e8a940ca",
      "name": "MoveBack",
      "title": "MoveBack(<index>)",
      "description": "",
      "properties": {
        "index": "attackTarget"
      },
      "display": {
        "x": 852,
        "y": -192
      }
    },
    "bb8a5cf8-b70a-4139-8c08-a19141f9f464": {
      "id": "bb8a5cf8-b70a-4139-8c08-a19141f9f464",
      "name": "MemPriority",
      "title": "MemPriority",
      "description": "",
      "properties": {},
      "display": {
        "x": 396,
        "y": -96
      },
      "children": [
        "3fefd9b3-e8ea-41ce-acb2-505af4276f4d",
        "4eb615d6-e51f-4214-88b5-81fac4753286"
      ]
    },
    "3fefd9b3-e8ea-41ce-acb2-505af4276f4d": {
      "id": "3fefd9b3-e8ea-41ce-acb2-505af4276f4d",
      "name": "MemSequence",
      "title": "MemSequence",
      "description": "",
      "properties": {},
      "display": {
        "x": 552,
        "y": -156
      },
      "children": [
        "51e2184c-df59-4aab-8dc1-72f6e8a940ca",
        "a57e08ae-5fca-40c9-8d22-84079b010bb8"
      ]
    },
    "a57e08ae-5fca-40c9-8d22-84079b010bb8": {
      "id": "a57e08ae-5fca-40c9-8d22-84079b010bb8",
      "name": "Wait",
      "title": "Wait <milliseconds>ms",
      "description": "",
      "properties": {
        "milliseconds": 1000
      },
      "display": {
        "x": 840,
        "y": -120
      }
    },
    "653ac53f-5836-4fba-88be-1b52316ef164": {
      "id": "653ac53f-5836-4fba-88be-1b52316ef164",
      "name": "CheckNearAttackPlayer",
      "title": "CheckNearAttackPlayer(<index>)",
      "description": "",
      "properties": {
        "index": "attackTarget"
      },
      "display": {
        "x": 540,
        "y": 528
      }
    },
    "e3e513ba-84d9-4e6e-8743-8d47b0920b0b": {
      "id": "e3e513ba-84d9-4e6e-8743-8d47b0920b0b",
      "name": "MemSequence",
      "title": "MemSequence",
      "description": "",
      "properties": {},
      "display": {
        "x": 228,
        "y": 672
      },
      "children": [
        "653ac53f-5836-4fba-88be-1b52316ef164",
        "689d4e5b-673e-4d53-8670-07ada91f5089",
        "fa326a49-ac5f-4f23-b67e-9401259fbed3"
      ]
    },
    "689d4e5b-673e-4d53-8670-07ada91f5089": {
      "id": "689d4e5b-673e-4d53-8670-07ada91f5089",
      "name": "TurnTargetPlayer",
      "title": "TurnTargetPlayer(<index>)",
      "description": "",
      "properties": {
        "index": "attackTarget",
        "target": "attackTarget"
      },
      "display": {
        "x": 504,
        "y": 588
      }
    },
    "f7a5c435-4ba3-4f19-9979-1fe3c410c8ce": {
      "id": "f7a5c435-4ba3-4f19-9979-1fe3c410c8ce",
      "name": "MemSequence",
      "title": "MemSequence",
      "description": "在攻击范围内三连击",
      "properties": {},
      "display": {
        "x": 612,
        "y": 660
      },
      "children": [
        "ab633f1c-fe7f-4aeb-8367-797216b7d22b",
        "004a8002-2350-4ab6-8e78-25f23097eab7",
        "8a1009bf-0eec-44f3-8927-c0f03bae598d"
      ]
    },
    "8a1009bf-0eec-44f3-8927-c0f03bae598d": {
      "id": "8a1009bf-0eec-44f3-8927-c0f03bae598d",
      "name": "Wait",
      "title": "Wait <milliseconds>ms",
      "description": "",
      "properties": {
        "milliseconds": 1000
      },
      "display": {
        "x": 816,
        "y": 684
      }
    },
    "004a8002-2350-4ab6-8e78-25f23097eab7": {
      "id": "004a8002-2350-4ab6-8e78-25f23097eab7",
      "name": "BBCastSkill",
      "title": "BBCastSkill(<skillid>)",
      "description": "",
      "properties": {
        "skillid": 100
      },
      "display": {
        "x": 816,
        "y": 636
      }
    },
    "fa326a49-ac5f-4f23-b67e-9401259fbed3": {
      "id": "fa326a49-ac5f-4f23-b67e-9401259fbed3",
      "name": "Random",
      "title": "Random",
      "description": "",
      "properties": {},
      "display": {
        "x": 432,
        "y": 672
      },
      "children": [
        "f7a5c435-4ba3-4f19-9979-1fe3c410c8ce",
        "4ae74ffe-7d1a-41fc-8cf3-1de40d81b645"
      ]
    },
    "4ae74ffe-7d1a-41fc-8cf3-1de40d81b645": {
      "id": "4ae74ffe-7d1a-41fc-8cf3-1de40d81b645",
      "name": "MemSequence",
      "title": "MemSequence",
      "description": "",
      "properties": {},
      "display": {
        "x": 612,
        "y": 732
      },
      "children": [
        "4f602951-ac2e-45fc-8ec6-f3cf9d44e5a3",
        "c45aa6b8-14ca-47f9-812e-b7b17804d2b7"
      ]
    },
    "4f602951-ac2e-45fc-8ec6-f3cf9d44e5a3": {
      "id": "4f602951-ac2e-45fc-8ec6-f3cf9d44e5a3",
      "name": "BBCastSkill",
      "title": "BBCastSkill(<skillid>)",
      "description": "",
      "properties": {
        "skillid": 104
      },
      "display": {
        "x": 792,
        "y": 732
      }
    },
    "c45aa6b8-14ca-47f9-812e-b7b17804d2b7": {
      "id": "c45aa6b8-14ca-47f9-812e-b7b17804d2b7",
      "name": "Wait",
      "title": "Wait <milliseconds>ms",
      "description": "",
      "properties": {
        "milliseconds": 1000
      },
      "display": {
        "x": 792,
        "y": 792
      }
    },
    "ab633f1c-fe7f-4aeb-8367-797216b7d22b": {
      "id": "ab633f1c-fe7f-4aeb-8367-797216b7d22b",
      "name": "CheckDis2",
      "title": "CheckDis2(<index>, <dis>)",
      "description": "",
      "properties": {
        "dis": 0.5,
        "index": "attackTarget"
      },
      "display": {
        "x": 852,
        "y": 576
      }
    }
  },
  "display": {
    "camera_x": 464,
    "camera_y": 48,
    "camera_z": 0.75,
    "x": -540,
    "y": -48
  },
  "custom_nodes": [
    {
      "version": "0.3.0",
      "scope": "node",
      "name": "Log",
      "category": "action",
      "title": "Log",
      "properties": {}
    },
    {
      "version": "0.3.0",
      "scope": "node",
      "name": "AttrLimit",
      "category": "condition",
      "title": "AttrLimit[<attr>]<<limit>",
      "properties": {}
    },
    {
      "version": "0.3.0",
      "scope": "node",
      "name": "Rand",
      "category": "action",
      "title": "Rand[<index>]",
      "properties": {}
    },
    {
      "version": "0.3.0",
      "scope": "node",
      "name": "TurnIndex",
      "category": "action",
      "title": "TurnIndex[<index>]",
      "properties": {}
    },
    {
      "version": "0.3.0",
      "scope": "node",
      "name": "CheakBall",
      "category": "condition",
      "title": "CheakBall[<index>]",
      "properties": {}
    },
    {
      "version": "0.3.0",
      "scope": "node",
      "name": "TurnTarget",
      "category": "action",
      "title": "TurnTarget[<index>]",
      "properties": {}
    },
    {
      "version": "0.3.0",
      "scope": "node",
      "name": "CheckEnemyNear",
      "category": "condition",
      "title": "CheckEnemyNear",
      "properties": {}
    },
    {
      "version": "0.3.0",
      "scope": "node",
      "name": "TurnAwayTarget",
      "category": "action",
      "title": "TurnAwayTarget",
      "properties": {}
    },
    {
      "version": "0.3.0",
      "scope": "node",
      "name": "CheckNearPlayer",
      "category": "condition",
      "title": "CheckNearPlayer",
      "properties": {}
    },
    {
      "version": "0.3.0",
      "scope": "node",
      "name": "CheckBool",
      "category": "condition",
      "title": "CheckBool",
      "properties": {}
    },
    {
      "version": "0.3.0",
      "scope": "node",
      "name": "CastSkill",
      "category": "action",
      "title": "CastSkill",
      "properties": {}
    },
    {
      "version": "0.3.0",
      "scope": "node",
      "name": "CancelSkill",
      "category": "action",
      "title": "CancelSkill",
      "properties": {}
    },
    {
      "version": "0.3.0",
      "scope": "node",
      "name": "TargetAttrLess",
      "category": "condition",
      "title": "",
      "properties": {}
    },
    {
      "version": "0.3.0",
      "scope": "node",
      "name": "FaceToTarget",
      "category": "action",
      "title": null,
      "properties": {}
    },
    {
      "version": "0.3.0",
      "scope": "node",
      "name": "FindUnitByType",
      "category": "action",
      "title": null,
      "properties": {}
    },
    {
      "version": "0.3.0",
      "scope": "node",
      "name": "WalkFarAwayTarget",
      "category": "action",
      "title": null,
      "properties": {}
    },
    {
      "version": "0.3.0",
      "scope": "node",
      "name": "WalkToTarget",
      "category": "action",
      "title": null,
      "properties": {}
    },
    {
      "version": "0.3.0",
      "scope": "node",
      "name": "UseSkill",
      "category": "action",
      "title": null,
      "properties": {}
    },
    {
      "version": "0.3.0",
      "scope": "node",
      "name": "WalkTo",
      "category": "action",
      "title": null,
      "properties": {}
    },
    {
      "version": "0.3.0",
      "scope": "node",
      "name": "WalkToPoint",
      "category": "action",
      "title": null,
      "properties": {}
    },
    {
      "version": "0.3.0",
      "scope": "node",
      "name": "CondLessInt",
      "category": "condition",
      "title": "",
      "properties": {}
    },
    {
      "version": "0.3.0",
      "scope": "node",
      "name": "IfTrue",
      "category": "decorator",
      "title": null,
      "properties": {}
    },
    {
      "version": "0.3.0",
      "scope": "node",
      "name": "IfFalse",
      "category": "decorator",
      "title": null,
      "properties": {}
    },
    {
      "version": "0.3.0",
      "scope": "node",
      "name": "Random",
      "category": "composite",
      "title": null,
      "properties": {}
    },
    {
      "version": "0.3.0",
      "scope": "node",
      "name": "SetValue",
      "category": "action",
      "title": null,
      "properties": {}
    },
    {
      "version": "0.3.0",
      "scope": "node",
      "name": "CondLess",
      "category": "decorator",
      "title": null,
      "properties": {}
    },
    {
      "version": "0.3.0",
      "scope": "node",
      "name": "CondEqualValue",
      "category": "decorator",
      "title": null,
      "properties": {}
    },
    {
      "version": "0.3.0",
      "scope": "node",
      "name": "Loop",
      "category": "composite",
      "title": "Loop(<maxLoop>)",
      "properties": {}
    },
    {
      "version": "0.3.0",
      "scope": "node",
      "name": "SNKFindAvoidAngle",
      "category": "action",
      "title": null,
      "properties": {}
    },
    {
      "version": "0.3.0",
      "scope": "node",
      "name": "FindDeadBody",
      "category": "action",
      "title": null,
      "properties": {}
    },
    {
      "version": "0.3.0",
      "scope": "node",
      "name": "CondMidValue",
      "category": "decorator",
      "title": "CondMidValue<index> <min>-<max>",
      "properties": {}
    },
    {
      "version": "0.3.0",
      "scope": "node",
      "name": "CondMoreValue",
      "category": "decorator",
      "title": "CondMoreValue[<index>]><value>",
      "properties": {}
    },
    {
      "version": "0.3.0",
      "scope": "node",
      "name": "SNKSpeedUp",
      "category": "action",
      "title": "SNKSpeedUp isOn:<IsOn>",
      "properties": {}
    },
    {
      "version": "0.3.0",
      "scope": "node",
      "name": "RandSetValue",
      "category": "action",
      "title": "RandSetValue[<StoreIndex>]:[<RandMin>-<RandMax>]",
      "properties": {}
    },
    {
      "version": "0.3.0",
      "scope": "node",
      "name": "SNKTurnIndex",
      "category": "action",
      "title": "SNKTurnIndex<AngleIndex>",
      "properties": {}
    },
    {
      "version": "0.3.0",
      "scope": "node",
      "name": "CondBoolTrue",
      "category": "decorator",
      "title": "CondBoolTrue <Index>",
      "properties": {}
    },
    {
      "version": "0.3.0",
      "scope": "node",
      "name": "SubTree",
      "category": "action",
      "title": "SubTree(<treeName>)",
      "description": null,
      "properties": {}
    },
    {
      "version": "0.3.0",
      "scope": "node",
      "name": "FindNearUnit",
      "category": "action",
      "title": "FindNearUnit(<index>,<unitKind>)",
      "properties": {}
    },
    {
      "version": "0.3.0",
      "scope": "node",
      "name": "FindAttackTarget",
      "category": "action",
      "title": "FindAttackTarget(<index>,<range>)",
      "properties": {
        "index": "attackTarget",
        "range": 4
      }
    },
    {
      "version": "0.3.0",
      "scope": "node",
      "name": "CheckNearAttackPlayer",
      "category": "condition",
      "title": "CheckNearAttackPlayer(<index>)",
      "properties": {
        "index": "attackTarget"
      }
    },
    {
      "version": "0.3.0",
      "scope": "node",
      "name": "TurnTargetPlayer",
      "category": "action",
      "title": "TurnTargetPlayer(<index>)",
      "properties": {
        "index": "attackTarget"
      }
    },
    {
      "version": "0.3.0",
      "scope": "node",
      "name": "CheckDis",
      "category": "condition",
      "title": "CheckDis(<index>,<dis>)",
      "description": null,
      "properties": {}
    },
    {
      "version": "0.3.0",
      "scope": "node",
      "name": "SendFace",
      "category": "action",
      "title": "SendFace(<rand>,<face>)",
      "properties": {
        "rand": 100,
        "face": "emo1,emo2,emo3,emo4,emo5"
      }
    },
    {
      "version": "0.3.0",
      "scope": "node",
      "name": "SpeedUp",
      "category": "action",
      "title": "SpeedUp(<isOn>)",
      "properties": {}
    },
    {
      "version": "0.3.0",
      "scope": "node",
      "name": "BBCastSkill",
      "category": "action",
      "title": "BBCastSkill(<skillid>)",
      "description": null,
      "properties": {}
    },
    {
      "version": "0.3.0",
      "scope": "node",
      "name": "EnemyToAttackTarget",
      "category": "action",
      "title": "EnemyToAttackTarget(<index1>, <index2>)",
      "description": null,
      "properties": {
        "index1": "enemy",
        "index2": "attackTarget"
      }
    },
    {
      "version": "0.3.0",
      "scope": "node",
      "name": "HpMoreThan",
      "category": "condition",
      "title": "HpMoreThan(<rate>)",
      "description": null,
      "properties": {
        "rate": 0.5
      }
    },
    {
      "version": "0.3.0",
      "scope": "node",
      "name": "Parallel",
      "category": "composite",
      "title": "Parallel(<fail_cond>, <succ_cond>)",
      "properties": {
        "fail_cond": 0,
        "succ_cond": 0
      }
    },
    {
      "version": "0.3.0",
      "scope": "node",
      "name": "CompositeSkillMemSeq",
      "category": "composite",
      "title": "CompositeSkillMemSeq",
      "description": null,
      "properties": {}
    },
    {
      "version": "0.3.0",
      "scope": "node",
      "name": "ActionThrowBall",
      "category": "action",
      "title": "ActionThrowBall",
      "description": "投掷一个球(锤子、炸弹等)\nball_type: 球类型\nspeed: 球移动的速度\nball_skill: 球技能",
      "properties": {
        "ball_type": 0,
        "speed": 0,
        "ball_skill": 0
      }
    },
    {
      "version": "0.3.0",
      "scope": "node",
      "name": "CheckSkill",
      "category": "condition",
      "title": "CheckSkill",
      "description": "检查角色身上 是否有某技能未开始执行",
      "properties": {
        "skillid": 0
      }
    },
    {
      "version": "0.3.0",
      "scope": "node",
      "name": "ActionNextSceneRander5",
      "category": "action",
      "title": "ActionNextSceneRander5",
      "description": "等待，直到n个Scene::rander5()被执行",
      "properties": {
        "canAttack": 0,
        "n": 5
      }
    },
    {
      "version": "0.3.0",
      "scope": "node",
      "name": "ActionAttack1",
      "category": "action",
      "title": "ActionAttack1",
      "description": "三段式攻击第一段 - 即普通攻击",
      "properties": {
        "skillid": 100
      }
    },
    {
      "version": "0.3.0",
      "scope": "node",
      "name": "ActionAttack2",
      "category": "action",
      "title": "ActionAttack2",
      "description": "三段式攻击 - 第二段",
      "properties": {
        "skillid": 101
      }
    },
    {
      "version": "0.3.0",
      "scope": "node",
      "name": "ActionAttack3",
      "category": "action",
      "title": "ActionAttack3",
      "description": "三段式攻击 - 第三段",
      "properties": {
        "skillid": 102
      }
    },
    {
      "version": "0.3.0",
      "scope": "node",
      "name": "MoveCtrl",
      "category": "action",
      "title": "MoveCtrl(<isOn>)",
      "description": null,
      "properties": {
        "isOn": 1
      }
    },
    {
      "version": "0.3.0",
      "scope": "node",
      "name": "MoveBack",
      "category": "action",
      "title": "MoveBack(<index>)",
      "description": null,
      "properties": {
        "index": "attackTarget"
      }
    },
    {
      "version": "0.3.0",
      "scope": "node",
      "name": "CheckDis2",
      "category": "action",
      "title": "CheckDis2(<index>, <dis>)",
      "description": null,
      "properties": {
        "dis": 0,
        "index": "attackTarget"
      }
    }
  ]
}