{
  "version": "0.3.0",
  "scope": "tree",
  "id": "1b59caf3-c4b1-41bf-8bbc-aa9a70de12c6",
  "title": "move_attack_target",
  "description": "",
  "root": "b0148449-f8fe-4913-8781-8b58a78c530c",
  "properties": {},
  "nodes": {
    "b0148449-f8fe-4913-8781-8b58a78c530c": {
      "id": "b0148449-f8fe-4913-8781-8b58a78c530c",
      "name": "MemSequence",
      "title": "MemSequence",
      "description": "",
      "properties": {},
      "display": {
        "x": -264,
        "y": -24
      },
      "children": [
        "fe07f755-ad20-4ca8-9346-5fc87c333965",
        "526bd2ac-b073-4b21-9a2e-e419b0172f46",
        "b8ec7049-96b8-414b-8345-cf7bf2be3a98",
        "2e6f770b-08a9-4110-83a4-4078081bbdad"
      ]
    },
    "2e6f770b-08a9-4110-83a4-4078081bbdad": {
      "id": "2e6f770b-08a9-4110-83a4-4078081bbdad",
      "name": "SpeedUp",
      "title": "SpeedUp(<isOn>)",
      "description": "",
      "properties": {
        "isOn": 0
      },
      "display": {
        "x": -84,
        "y": 108
      }
    },
    "526bd2ac-b073-4b21-9a2e-e419b0172f46": {
      "id": "526bd2ac-b073-4b21-9a2e-e419b0172f46",
      "name": "CheckNearAttackPlayer",
      "title": "CheckNearAttackPlayer(<index>)",
      "description": "",
      "properties": {
        "index": "attackTarget"
      },
      "display": {
        "x": 12,
        "y": -252
      }
    },
    "f8ffe296-206d-42f2-8f50-e6fd840b2dd1": {
      "id": "f8ffe296-206d-42f2-8f50-e6fd840b2dd1",
      "name": "TurnTargetPlayer",
      "title": "TurnTargetPlayer(<index>)",
      "description": "",
      "properties": {
        "index": "attackTarget",
        "target": "attackTarget"
      },
      "display": {
        "x": 288,
        "y": -36
      }
    },
    "fe07f755-ad20-4ca8-9346-5fc87c333965": {
      "id": "fe07f755-ad20-4ca8-9346-5fc87c333965",
      "name": "MoveCtrl",
      "title": "MoveCtrl(<isOn>)",
      "description": "",
      "properties": {
        "isOn": 1
      },
      "display": {
        "x": -72,
        "y": -336
      }
    },
    "58944125-f893-413a-90bd-09adb74e0bd3": {
      "id": "58944125-f893-413a-90bd-09adb74e0bd3",
      "name": "MoveBack",
      "title": "MoveBack(<index>)",
      "description": "",
      "properties": {
        "index": "attackTarget"
      },
      "display": {
        "x": 348,
        "y": -264
      }
    },
    "b8ec7049-96b8-414b-8345-cf7bf2be3a98": {
      "id": "b8ec7049-96b8-414b-8345-cf7bf2be3a98",
      "name": "MemPriority",
      "title": "MemPriority",
      "description": "",
      "properties": {},
      "display": {
        "x": -120,
        "y": -108
      },
      "children": [
        "62f0e114-fa2d-4199-83e9-e4cf94bcc07a",
        "b4d54d1e-a75f-4229-8c10-739319a6c859"
      ]
    },
    "62f0e114-fa2d-4199-83e9-e4cf94bcc07a": {
      "id": "62f0e114-fa2d-4199-83e9-e4cf94bcc07a",
      "name": "MemSequence",
      "title": "MemSequence",
      "description": "",
      "properties": {},
      "display": {
        "x": 36,
        "y": -168
      },
      "children": [
        "58944125-f893-413a-90bd-09adb74e0bd3",
        "c74719d9-1cea-4aae-8a54-541cd24b395e",
        "d79347a9-6189-4596-bbcb-66a59d3d40fd",
        "cda15234-e55a-4ead-a741-f359025c05ea"
      ]
    },
    "cda15234-e55a-4ead-a741-f359025c05ea": {
      "id": "cda15234-e55a-4ead-a741-f359025c05ea",
      "name": "Wait",
      "title": "Wait <milliseconds>ms",
      "description": "",
      "properties": {
        "milliseconds": 500
      },
      "display": {
        "x": 324,
        "y": -84
      }
    },
    "d79347a9-6189-4596-bbcb-66a59d3d40fd": {
      "id": "d79347a9-6189-4596-bbcb-66a59d3d40fd",
      "name": "TurnAwayTarget",
      "title": "TurnAwayTarget(<index>)",
      "description": "",
      "properties": {
        "index": "attackTarget"
      },
      "display": {
        "x": 372,
        "y": -144
      }
    },
    "c74719d9-1cea-4aae-8a54-541cd24b395e": {
      "id": "c74719d9-1cea-4aae-8a54-541cd24b395e",
      "name": "WaitSkillIdle",
      "title": "WaitSkillIdle",
      "description": "",
      "properties": {},
      "display": {
        "x": 324,
        "y": -204
      }
    },
    "b4d54d1e-a75f-4229-8c10-739319a6c859": {
      "id": "b4d54d1e-a75f-4229-8c10-739319a6c859",
      "name": "MemSequence",
      "title": "MemSequence",
      "description": "",
      "properties": {},
      "display": {
        "x": 48,
        "y": -12
      },
      "children": [
        "f8ffe296-206d-42f2-8f50-e6fd840b2dd1",
        "58ea2499-586a-4663-8748-a64863f1ba24"
      ]
    },
    "58ea2499-586a-4663-8748-a64863f1ba24": {
      "id": "58ea2499-586a-4663-8748-a64863f1ba24",
      "name": "Wait",
      "title": "Wait <milliseconds>ms",
      "description": "",
      "properties": {
        "milliseconds": 300
      },
      "display": {
        "x": 240,
        "y": 24
      }
    }
  },
  "display": {
    "camera_x": 929,
    "camera_y": 495,
    "camera_z": 1,
    "x": -456,
    "y": -24
  },
  "custom_nodes": [
    {
      "version": "0.3.0",
      "scope": "node",
      "name": "Log",
      "category": "action",
      "title": "Log",
      "properties": {}
    },
    {
      "version": "0.3.0",
      "scope": "node",
      "name": "AttrLimit",
      "category": "condition",
      "title": "AttrLimit[<attr>]<<limit>",
      "properties": {}
    },
    {
      "version": "0.3.0",
      "scope": "node",
      "name": "Rand",
      "category": "action",
      "title": "Rand[<index>]",
      "properties": {}
    },
    {
      "version": "0.3.0",
      "scope": "node",
      "name": "TurnIndex",
      "category": "action",
      "title": "TurnIndex[<index>]",
      "properties": {}
    },
    {
      "version": "0.3.0",
      "scope": "node",
      "name": "CheakBall",
      "category": "condition",
      "title": "CheakBall[<index>]",
      "properties": {}
    },
    {
      "version": "0.3.0",
      "scope": "node",
      "name": "TurnTarget",
      "category": "action",
      "title": "TurnTarget[<index>]",
      "properties": {}
    },
    {
      "version": "0.3.0",
      "scope": "node",
      "name": "CheckEnemyNear",
      "category": "condition",
      "title": "CheckEnemyNear",
      "properties": {}
    },
    {
      "version": "0.3.0",
      "scope": "node",
      "name": "CheckNearPlayer",
      "category": "condition",
      "title": "CheckNearPlayer",
      "properties": {}
    },
    {
      "version": "0.3.0",
      "scope": "node",
      "name": "CheckBool",
      "category": "condition",
      "title": "CheckBool",
      "properties": {}
    },
    {
      "version": "0.3.0",
      "scope": "node",
      "name": "CastSkill",
      "category": "action",
      "title": "CastSkill",
      "properties": {}
    },
    {
      "version": "0.3.0",
      "scope": "node",
      "name": "CancelSkill",
      "category": "action",
      "title": "CancelSkill",
      "properties": {}
    },
    {
      "version": "0.3.0",
      "scope": "node",
      "name": "TargetAttrLess",
      "category": "condition",
      "title": "",
      "properties": {}
    },
    {
      "version": "0.3.0",
      "scope": "node",
      "name": "FaceToTarget",
      "category": "action",
      "title": null,
      "properties": {}
    },
    {
      "version": "0.3.0",
      "scope": "node",
      "name": "FindUnitByType",
      "category": "action",
      "title": null,
      "properties": {}
    },
    {
      "version": "0.3.0",
      "scope": "node",
      "name": "WalkFarAwayTarget",
      "category": "action",
      "title": null,
      "properties": {}
    },
    {
      "version": "0.3.0",
      "scope": "node",
      "name": "WalkToTarget",
      "category": "action",
      "title": null,
      "properties": {}
    },
    {
      "version": "0.3.0",
      "scope": "node",
      "name": "UseSkill",
      "category": "action",
      "title": null,
      "properties": {}
    },
    {
      "version": "0.3.0",
      "scope": "node",
      "name": "WalkTo",
      "category": "action",
      "title": null,
      "properties": {}
    },
    {
      "version": "0.3.0",
      "scope": "node",
      "name": "WalkToPoint",
      "category": "action",
      "title": null,
      "properties": {}
    },
    {
      "version": "0.3.0",
      "scope": "node",
      "name": "CondLessInt",
      "category": "condition",
      "title": "",
      "properties": {}
    },
    {
      "version": "0.3.0",
      "scope": "node",
      "name": "IfTrue",
      "category": "decorator",
      "title": null,
      "properties": {}
    },
    {
      "version": "0.3.0",
      "scope": "node",
      "name": "IfFalse",
      "category": "decorator",
      "title": null,
      "properties": {}
    },
    {
      "version": "0.3.0",
      "scope": "node",
      "name": "Random",
      "category": "composite",
      "title": null,
      "properties": {}
    },
    {
      "version": "0.3.0",
      "scope": "node",
      "name": "SetValue",
      "category": "action",
      "title": null,
      "properties": {}
    },
    {
      "version": "0.3.0",
      "scope": "node",
      "name": "CondLess",
      "category": "decorator",
      "title": null,
      "properties": {}
    },
    {
      "version": "0.3.0",
      "scope": "node",
      "name": "CondEqualValue",
      "category": "decorator",
      "title": null,
      "properties": {}
    },
    {
      "version": "0.3.0",
      "scope": "node",
      "name": "Loop",
      "category": "composite",
      "title": "Loop(<maxLoop>)",
      "properties": {}
    },
    {
      "version": "0.3.0",
      "scope": "node",
      "name": "SNKFindAvoidAngle",
      "category": "action",
      "title": null,
      "properties": {}
    },
    {
      "version": "0.3.0",
      "scope": "node",
      "name": "FindDeadBody",
      "category": "action",
      "title": null,
      "properties": {}
    },
    {
      "version": "0.3.0",
      "scope": "node",
      "name": "CondMidValue",
      "category": "decorator",
      "title": "CondMidValue<index> <min>-<max>",
      "properties": {}
    },
    {
      "version": "0.3.0",
      "scope": "node",
      "name": "CondMoreValue",
      "category": "decorator",
      "title": "CondMoreValue[<index>]><value>",
      "properties": {}
    },
    {
      "version": "0.3.0",
      "scope": "node",
      "name": "SNKSpeedUp",
      "category": "action",
      "title": "SNKSpeedUp isOn:<IsOn>",
      "properties": {}
    },
    {
      "version": "0.3.0",
      "scope": "node",
      "name": "RandSetValue",
      "category": "action",
      "title": "RandSetValue[<StoreIndex>]:[<RandMin>-<RandMax>]",
      "properties": {}
    },
    {
      "version": "0.3.0",
      "scope": "node",
      "name": "SNKTurnIndex",
      "category": "action",
      "title": "SNKTurnIndex<AngleIndex>",
      "properties": {}
    },
    {
      "version": "0.3.0",
      "scope": "node",
      "name": "CondBoolTrue",
      "category": "decorator",
      "title": "CondBoolTrue <Index>",
      "properties": {}
    },
    {
      "version": "0.3.0",
      "scope": "node",
      "name": "SubTree",
      "category": "action",
      "title": "SubTree(<treeName>)",
      "description": null,
      "properties": {}
    },
    {
      "version": "0.3.0",
      "scope": "node",
      "name": "FindNearUnit",
      "category": "action",
      "title": "FindNearUnit(<index>,<unitKind>)",
      "properties": {}
    },
    {
      "version": "0.3.0",
      "scope": "node",
      "name": "FindAttackTarget",
      "category": "action",
      "title": "FindAttackTarget(<index>,<range>)",
      "properties": {
        "index": "attackTarget",
        "range": 4
      }
    },
    {
      "version": "0.3.0",
      "scope": "node",
      "name": "CheckNearAttackPlayer",
      "category": "condition",
      "title": "CheckNearAttackPlayer(<index>)",
      "properties": {
        "index": "attackTarget"
      }
    },
    {
      "version": "0.3.0",
      "scope": "node",
      "name": "TurnTargetPlayer",
      "category": "action",
      "title": "TurnTargetPlayer(<index>)",
      "properties": {
        "index": "attackTarget"
      }
    },
    {
      "version": "0.3.0",
      "scope": "node",
      "name": "CheckDis",
      "category": "condition",
      "title": "CheckDis(<index>,<dis>)",
      "description": null,
      "properties": {}
    },
    {
      "version": "0.3.0",
      "scope": "node",
      "name": "SendFace",
      "category": "action",
      "title": "SendFace(<rand>,<face>)",
      "properties": {
        "rand": 100,
        "face": "emo1,emo2,emo3,emo4,emo5"
      }
    },
    {
      "version": "0.3.0",
      "scope": "node",
      "name": "SpeedUp",
      "category": "action",
      "title": "SpeedUp(<isOn>)",
      "properties": {}
    },
    {
      "version": "0.3.0",
      "scope": "node",
      "name": "EnemyToAttackTarget",
      "category": "action",
      "title": "EnemyToAttackTarget(<index1>, <index2>)",
      "description": null,
      "properties": {
        "index1": "enemy",
        "index2": "attackTarget"
      }
    },
    {
      "version": "0.3.0",
      "scope": "node",
      "name": "HpMoreThan",
      "category": "condition",
      "title": "HpMoreThan(<rate>)",
      "description": null,
      "properties": {
        "rate": 0.5
      }
    },
    {
      "version": "0.3.0",
      "scope": "node",
      "name": "Parallel",
      "category": "composite",
      "title": "Parallel(<fail_cond>, <succ_cond>)",
      "properties": {
        "fail_cond": 0,
        "succ_cond": 0
      }
    },
    {
      "version": "0.3.0",
      "scope": "node",
      "name": "CompositeSkillMemSeq",
      "category": "composite",
      "title": "CompositeSkillMemSeq",
      "description": null,
      "properties": {}
    },
    {
      "version": "0.3.0",
      "scope": "node",
      "name": "ActionThrowBall",
      "category": "action",
      "title": "ActionThrowBall",
      "description": "投掷一个球(锤子、炸弹等)\nball_type: 球类型\nspeed: 球移动的速度\nball_skill: 球技能",
      "properties": {
        "ball_type": 0,
        "speed": 0,
        "ball_skill": 0
      }
    },
    {
      "version": "0.3.0",
      "scope": "node",
      "name": "CheckSkill",
      "category": "condition",
      "title": "CheckSkill",
      "description": "检查角色身上 是否有某技能未开始执行",
      "properties": {
        "skillid": 0
      }
    },
    {
      "version": "0.3.0",
      "scope": "node",
      "name": "ActionNextSceneRander5",
      "category": "action",
      "title": "ActionNextSceneRander5",
      "description": "等待，直到n个Scene::rander5()被执行",
      "properties": {
        "canAttack": 0,
        "n": 5
      }
    },
    {
      "version": "0.3.0",
      "scope": "node",
      "name": "ActionAttack1",
      "category": "action",
      "title": "ActionAttack1",
      "description": "三段式攻击第一段 - 即普通攻击",
      "properties": {
        "skillid": 100
      }
    },
    {
      "version": "0.3.0",
      "scope": "node",
      "name": "ActionAttack2",
      "category": "action",
      "title": "ActionAttack2",
      "description": "三段式攻击 - 第二段",
      "properties": {
        "skillid": 101
      }
    },
    {
      "version": "0.3.0",
      "scope": "node",
      "name": "ActionAttack3",
      "category": "action",
      "title": "ActionAttack3",
      "description": "三段式攻击 - 第三段",
      "properties": {
        "skillid": 102
      }
    },
    {
      "version": "0.3.0",
      "scope": "node",
      "name": "MoveCtrl",
      "category": "action",
      "title": "MoveCtrl(<isOn>)",
      "description": null,
      "properties": {
        "isOn": 1
      }
    },
    {
      "version": "0.3.0",
      "scope": "node",
      "name": "MoveBack",
      "category": "action",
      "title": "MoveBack(<index>)",
      "description": null,
      "properties": {
        "index": "attackTarget"
      }
    },
    {
      "version": "0.3.0",
      "scope": "node",
      "name": "CheckDis2",
      "category": "action",
      "title": "CheckDis2(<index>, <dis>)",
      "description": null,
      "properties": {
        "dis": 0,
        "index": "attackTarget"
      }
    },
    {
      "version": "0.3.0",
      "scope": "node",
      "name": "BBCastSkill",
      "category": "action",
      "title": "BBCastSkill(<skillid>,<index>)",
      "description": null,
      "properties": {}
    },
    {
      "version": "0.3.0",
      "scope": "node",
      "name": "FindNearUnit2",
      "category": "action",
      "title": "FindNearUnit2(<index>,<unitKind>,<dis>)",
      "description": null,
      "properties": {}
    },
    {
      "version": "0.3.0",
      "scope": "node",
      "name": "WaitSkillIdle",
      "category": "action",
      "title": "WaitSkillIdle",
      "description": null,
      "properties": {}
    },
    {
      "version": "0.3.0",
      "scope": "node",
      "name": "TurnAwayTarget",
      "category": "action",
      "title": "TurnAwayTarget(<index>)",
      "properties": {}
    }
  ]
}