<?xml version="1.0" encoding="utf-8" ?>
<config>
<item  grade="0" max_star="5" rise_line="16" lose_line="30" team_rise_line="7" team_lose_line="7" season_rewards="2001:100;2002:100" season_reset_grade="1" grade_ex_quick="20" grade_ex_free="5" special_month="4" special_max_star="3"/>
<item  grade="1" max_star="5" rise_line="16" lose_line="30" team_rise_line="7" team_lose_line="7" season_rewards="2001:100;2002:100" season_reset_grade="1" grade_ex_quick="20" grade_ex_free="5" special_month="4" special_max_star="3"/>
<item  grade="2" max_star="5" rise_line="16" lose_line="30" team_rise_line="7" team_lose_line="7" season_rewards="2001:110;2002:110" season_reset_grade="1" grade_ex_quick="40" grade_ex_free="10" special_month="4" special_max_star="3"/>
<item  grade="3" max_star="5" rise_line="16" lose_line="30" team_rise_line="7" team_lose_line="7" season_rewards="2001:120;2002:120" season_reset_grade="1" grade_ex_quick="60" grade_ex_free="15" special_month="4" special_max_star="3"/>
<item  grade="4" max_star="5" rise_line="16" lose_line="30" team_rise_line="7" team_lose_line="7" season_rewards="2001:130;2002:130" season_reset_grade="1" grade_ex_quick="80" grade_ex_free="20" special_month="4" special_max_star="3"/>
<item  grade="5" max_star="5" rise_line="16" lose_line="30" team_rise_line="7" team_lose_line="7" season_rewards="2001:140;2002:140" season_reset_grade="1" grade_ex_quick="100" grade_ex_free="25" special_month="4" special_max_star="3"/>
<item  grade="6" max_star="5" rise_line="16" lose_line="20" team_rise_line="6" team_lose_line="6" season_rewards="2001:150;2002:150" season_reset_grade="1" grade_ex_quick="120" grade_ex_free="30" special_month="4" special_max_star="3"/>
<item  grade="7" max_star="5" rise_line="16" lose_line="20" team_rise_line="6" team_lose_line="6" season_rewards="2001:155;2002:155" season_reset_grade="1" grade_ex_quick="140" grade_ex_free="35" special_month="4" special_max_star="3"/>
<item  grade="8" max_star="5" rise_line="16" lose_line="20" team_rise_line="6" team_lose_line="6" season_rewards="2001:160;2002:160" season_reset_grade="1" grade_ex_quick="160" grade_ex_free="40" special_month="4" special_max_star="3"/>
<item  grade="9" max_star="5" rise_line="16" lose_line="20" team_rise_line="6" team_lose_line="6" season_rewards="2001:165;2002:165" season_reset_grade="1" grade_ex_quick="180" grade_ex_free="45" special_month="4" special_max_star="3"/>
<item  grade="10" max_star="5" rise_line="16" lose_line="20" team_rise_line="6" team_lose_line="6" season_rewards="2001:170;2002:170" season_reset_grade="1" grade_ex_quick="200" grade_ex_free="50" special_month="4" special_max_star="3"/>
<item  grade="11" max_star="5" rise_line="11" lose_line="15" team_rise_line="6" team_lose_line="6" season_rewards="2001:175;2002:175" season_reset_grade="2" grade_ex_quick="220" grade_ex_free="55" special_month="4" special_max_star="3"/>
<item  grade="12" max_star="5" rise_line="11" lose_line="15" team_rise_line="6" team_lose_line="6" season_rewards="2001:180;2002:180" season_reset_grade="2" grade_ex_quick="240" grade_ex_free="60" special_month="4" special_max_star="3"/>
<item  grade="13" max_star="5" rise_line="11" lose_line="15" team_rise_line="6" team_lose_line="6" season_rewards="2001:185;2002:185" season_reset_grade="3" grade_ex_quick="260" grade_ex_free="65" special_month="4" special_max_star="3"/>
<item  grade="14" max_star="5" rise_line="11" lose_line="15" team_rise_line="6" team_lose_line="6" season_rewards="2001:190;2002:190" season_reset_grade="3" grade_ex_quick="280" grade_ex_free="70" special_month="4" special_max_star="3"/>
<item  grade="15" max_star="5" rise_line="11" lose_line="15" team_rise_line="6" team_lose_line="6" season_rewards="2001:195;2002:195" season_reset_grade="4" grade_ex_quick="300" grade_ex_free="75" special_month="4" special_max_star="3"/>
<item  grade="16" max_star="5" rise_line="9" lose_line="15" team_rise_line="5" team_lose_line="6" season_rewards="2001:200;2002:200" season_reset_grade="4" grade_ex_quick="320" grade_ex_free="80" special_month="0" special_max_star="0"/>
<item  grade="17" max_star="5" rise_line="9" lose_line="15" team_rise_line="5" team_lose_line="6" season_rewards="2001:205;2002:205" season_reset_grade="5" grade_ex_quick="340" grade_ex_free="85" special_month="0" special_max_star="0"/>
<item  grade="18" max_star="5" rise_line="9" lose_line="15" team_rise_line="5" team_lose_line="6" season_rewards="2001:210;2002:210" season_reset_grade="5" grade_ex_quick="360" grade_ex_free="90" special_month="0" special_max_star="0"/>
<item  grade="19" max_star="5" rise_line="9" lose_line="15" team_rise_line="5" team_lose_line="6" season_rewards="2001:215;2002:215" season_reset_grade="6" grade_ex_quick="380" grade_ex_free="95" special_month="0" special_max_star="0"/>
<item  grade="20" max_star="5" rise_line="9" lose_line="15" team_rise_line="5" team_lose_line="6" season_rewards="2001:220;2002:220" season_reset_grade="6" grade_ex_quick="400" grade_ex_free="100" special_month="0" special_max_star="0"/>
<item  grade="21" max_star="5" rise_line="9" lose_line="10" team_rise_line="4" team_lose_line="5" season_rewards="2001:225;2002:225" season_reset_grade="7" grade_ex_quick="420" grade_ex_free="105" special_month="0" special_max_star="0"/>
<item  grade="22" max_star="5" rise_line="9" lose_line="10" team_rise_line="4" team_lose_line="5" season_rewards="2001:230;2002:230" season_reset_grade="7" grade_ex_quick="440" grade_ex_free="110" special_month="0" special_max_star="0"/>
<item  grade="23" max_star="5" rise_line="9" lose_line="10" team_rise_line="4" team_lose_line="5" season_rewards="2001:235;2002:235" season_reset_grade="8" grade_ex_quick="460" grade_ex_free="115" special_month="0" special_max_star="0"/>
<item  grade="24" max_star="5" rise_line="9" lose_line="10" team_rise_line="4" team_lose_line="5" season_rewards="2001:240;2002:240" season_reset_grade="8" grade_ex_quick="480" grade_ex_free="120" special_month="0" special_max_star="0"/>
<item  grade="25" max_star="5" rise_line="9" lose_line="10" team_rise_line="4" team_lose_line="5" season_rewards="2001:245;2002:245" season_reset_grade="9" grade_ex_quick="500" grade_ex_free="125" special_month="0" special_max_star="0"/>
<item  grade="26" max_star="5" rise_line="6" lose_line="10" team_rise_line="3" team_lose_line="4" season_rewards="2001:250;2002:250" season_reset_grade="9" grade_ex_quick="520" grade_ex_free="130" special_month="0" special_max_star="0"/>
<item  grade="27" max_star="5" rise_line="6" lose_line="10" team_rise_line="3" team_lose_line="4" season_rewards="2001:255;2002:255" season_reset_grade="10" grade_ex_quick="540" grade_ex_free="135" special_month="0" special_max_star="0"/>
<item  grade="28" max_star="5" rise_line="6" lose_line="10" team_rise_line="3" team_lose_line="4" season_rewards="2001:260;2002:260" season_reset_grade="10" grade_ex_quick="560" grade_ex_free="140" special_month="0" special_max_star="0"/>
<item  grade="29" max_star="5" rise_line="6" lose_line="10" team_rise_line="3" team_lose_line="4" season_rewards="2001:265;2002:265" season_reset_grade="11" grade_ex_quick="580" grade_ex_free="145" special_month="0" special_max_star="0"/>
<item  grade="30" max_star="5" rise_line="6" lose_line="10" team_rise_line="3" team_lose_line="4" season_rewards="2001:270;2002:270" season_reset_grade="11" grade_ex_quick="600" grade_ex_free="150" special_month="0" special_max_star="0"/>
<item  grade="31" max_star="5" rise_line="4" lose_line="5" team_rise_line="2" team_lose_line="3" season_rewards="2001:275;2002:275" season_reset_grade="12" grade_ex_quick="620" grade_ex_free="155" special_month="0" special_max_star="0"/>
<item  grade="32" max_star="5" rise_line="4" lose_line="5" team_rise_line="2" team_lose_line="3" season_rewards="2001:280;2002:280" season_reset_grade="12" grade_ex_quick="640" grade_ex_free="160" special_month="0" special_max_star="0"/>
<item  grade="33" max_star="5" rise_line="4" lose_line="5" team_rise_line="2" team_lose_line="3" season_rewards="2001:285;2002:285" season_reset_grade="13" grade_ex_quick="660" grade_ex_free="165" special_month="0" special_max_star="0"/>
<item  grade="34" max_star="5" rise_line="4" lose_line="5" team_rise_line="2" team_lose_line="3" season_rewards="2001:290;2002:290" season_reset_grade="13" grade_ex_quick="680" grade_ex_free="170" special_month="0" special_max_star="0"/>
<item  grade="35" max_star="5" rise_line="4" lose_line="5" team_rise_line="2" team_lose_line="3" season_rewards="2001:295;2002:295" season_reset_grade="14" grade_ex_quick="700" grade_ex_free="175" special_month="0" special_max_star="0"/>
<item  grade="36" max_star="5" rise_line="3" lose_line="3" team_rise_line="2" team_lose_line="2" season_rewards="2001:300;2002:300" season_reset_grade="14" grade_ex_quick="720" grade_ex_free="180" special_month="0" special_max_star="0"/>
<item  grade="37" max_star="5" rise_line="3" lose_line="3" team_rise_line="2" team_lose_line="2" season_rewards="2001:305;2002:305" season_reset_grade="15" grade_ex_quick="740" grade_ex_free="185" special_month="0" special_max_star="0"/>
<item  grade="38" max_star="5" rise_line="3" lose_line="3" team_rise_line="2" team_lose_line="2" season_rewards="2001:310;2002:310" season_reset_grade="15" grade_ex_quick="760" grade_ex_free="190" special_month="0" special_max_star="0"/>
<item  grade="39" max_star="5" rise_line="3" lose_line="3" team_rise_line="2" team_lose_line="2" season_rewards="2001:315;2002:315" season_reset_grade="16" grade_ex_quick="780" grade_ex_free="195" special_month="0" special_max_star="0"/>
<item  grade="40" max_star="5" rise_line="3" lose_line="3" team_rise_line="2" team_lose_line="2" season_rewards="2001:320;2002:320" season_reset_grade="16" grade_ex_quick="800" grade_ex_free="200" special_month="0" special_max_star="0"/>
<item  grade="41" max_star="5" rise_line="2" lose_line="2" team_rise_line="2" team_lose_line="2" season_rewards="2001:325;2002:325" season_reset_grade="17" grade_ex_quick="820" grade_ex_free="205" special_month="0" special_max_star="0"/>
<item  grade="42" max_star="5" rise_line="2" lose_line="2" team_rise_line="2" team_lose_line="2" season_rewards="2001:330;2002:330" season_reset_grade="17" grade_ex_quick="840" grade_ex_free="210" special_month="0" special_max_star="0"/>
<item  grade="43" max_star="5" rise_line="2" lose_line="2" team_rise_line="2" team_lose_line="2" season_rewards="2001:335;2002:335" season_reset_grade="18" grade_ex_quick="860" grade_ex_free="215" special_month="0" special_max_star="0"/>
<item  grade="44" max_star="5" rise_line="2" lose_line="2" team_rise_line="2" team_lose_line="2" season_rewards="2001:340;2002:340" season_reset_grade="18" grade_ex_quick="880" grade_ex_free="220" special_month="0" special_max_star="0"/>
<item  grade="45" max_star="5" rise_line="2" lose_line="2" team_rise_line="2" team_lose_line="2" season_rewards="2001:345;2002:345" season_reset_grade="19" grade_ex_quick="900" grade_ex_free="225" special_month="0" special_max_star="0"/>
<item  grade="46" max_star="5" rise_line="2" lose_line="2" team_rise_line="2" team_lose_line="1" season_rewards="2001:350;2002:350" season_reset_grade="19" grade_ex_quick="920" grade_ex_free="230" special_month="0" special_max_star="0"/>
<item  grade="47" max_star="5" rise_line="2" lose_line="2" team_rise_line="2" team_lose_line="1" season_rewards="2001:355;2002:355" season_reset_grade="20" grade_ex_quick="940" grade_ex_free="235" special_month="0" special_max_star="0"/>
<item  grade="48" max_star="5" rise_line="2" lose_line="2" team_rise_line="2" team_lose_line="1" season_rewards="2001:360;2002:360" season_reset_grade="20" grade_ex_quick="960" grade_ex_free="240" special_month="0" special_max_star="0"/>
<item  grade="49" max_star="5" rise_line="2" lose_line="2" team_rise_line="2" team_lose_line="1" season_rewards="2001:365;2002:365" season_reset_grade="21" grade_ex_quick="980" grade_ex_free="245" special_month="0" special_max_star="0"/>
<item  grade="50" max_star="5" rise_line="2" lose_line="2" team_rise_line="2" team_lose_line="1" season_rewards="2001:370;2002:370" season_reset_grade="21" grade_ex_quick="1000" grade_ex_free="250" special_month="0" special_max_star="0"/>
<item  grade="51" max_star="99999999" rise_line="2" lose_line="2" team_rise_line="2" team_lose_line="1" season_rewards="2001:400;2002:400" season_reset_grade="22" grade_ex_quick="1120" grade_ex_free="280" special_month="0" special_max_star="0"/>
</config>
