<?xml version="1.0" encoding="utf-8" ?>
<config>
<item  id="1" type="1" cd="5.0" effect="" buf="1:5000:0|2:5000:0" landid="2|3|4|5|6|7|8|51|52|53|101|103|105|106|151|152|201|203|204|205|206|207|208|209|251|252" atype="" debuf="" Aitype="2"/>
<item  id="2" type="10" cd="10.0" effect="" buf="9:10:50|11:150:0" landid="" atype="" debuf="" Aitype="3"/>
<item  id="3" type="3" cd="20.0" effect="" buf="3:5000:20" landid="" atype="" debuf="" Aitype="2"/>
<item  id="4" type="4" cd="20.0" effect="" buf="" landid="" atype="" debuf="2:2000:0" Aitype="2"/>
<item  id="5" type="5" cd="5.0" effect="" buf="1:10000:0" landid="2|3|4|5|6|7|8|51|52|53|101|103|105|106|151|152|201|203|204|205|206|207|208|209|251|252" atype="" debuf="" Aitype="2"/>
<item  id="6" type="6" cd="20.0" effect="" buf="4:5000:80" landid="" atype="" debuf="" Aitype="2"/>
<item  id="7" type="7" cd="20.0" effect="" buf="5:5000:80" landid="" atype="" debuf="" Aitype="2"/>
<item  id="8" type="8" cd="20.0" effect="" buf="6:5000:80" landid="" atype="" debuf="" Aitype="3"/>
<item  id="9" type="9" cd="5.0" effect="" buf="8:15000:0" landid="" atype="13|14|15|16" debuf="" Aitype="4"/>
<item  id="10" type="10" cd="10.0" effect="" buf="9:200:50|11:200:0" landid="" atype="" debuf="" Aitype="3"/>
<item  id="11" type="11" cd="20.0" effect="" buf="9:5000:80" landid="" atype="" debuf="" Aitype="1"/>
<item  id="12" type="12" cd="5.0" effect="" buf="12:16000:0" landid="" atype="" debuf="" Aitype="4"/>
<item  id="13" type="13" cd="20.0" effect="13:10000:8.0" buf="2:10000:0|13:10000:0" landid="" atype="" debuf="2:10000:0|13:10000:0" Aitype="4"/>
<item  id="1001" type="8" cd="10.0" effect="" buf="6:5000:80" landid="" atype="" debuf="" Aitype="3"/>
<item  id="1002" type="0" cd="10.0" effect="" buf="14:500:0" landid="" atype="" debuf="" Aitype="2"/>
<item  id="1003" type="0" cd="20.0" effect="1003:10000:10.0" buf="" landid="" atype="" debuf="7:5000:50" Aitype="2"/>
<item  id="1004" type="6" cd="20.0" effect="" buf="4:5000:80" landid="" atype="" debuf="" Aitype="2"/>
<item  id="1005" type="0" cd="20.0" effect="" buf="15:10000:0" landid="" atype="" debuf="" Aitype="3"/>
<item  id="1006" type="0" cd="20.0" effect="" buf="5:10000:80|16:10000:0" landid="" atype="" debuf="" Aitype="2"/>
<item  id="1007" type="0" cd="20.0" effect="" buf="17:10000:10" landid="" atype="" debuf="" Aitype="3"/>
<item  id="1008" type="10" cd="10.0" effect="" buf="9:200:50|11:200:0" landid="" atype="" debuf="" Aitype="3"/>
<item  id="1009" type="0" cd="20.0" effect="1009:10000:2.0" buf="" landid="" atype="" debuf="7:5000:50" Aitype="3"/>
<item  id="1010" type="0" cd="20.0" effect="1010:10000:4.0" buf="" landid="" atype="" debuf="7:5000:50" Aitype="1"/>
<item  id="1011" type="11" cd="20.0" effect="" buf="9:5000:80" landid="" atype="" debuf="" Aitype="1"/>
<item  id="1012" type="0" cd="20.0" effect="1012:0:10.0" buf="" landid="" atype="" debuf="" Aitype="1"/>
<item  id="1013" type="13" cd="20.0" effect="1013:10000:8.0" buf="2:10000:0|13:10000:0" landid="" atype="" debuf="2:10000:0|13:10000:0" Aitype="4"/>
<item  id="5001" type="0" cd="20.0" effect="" buf="" landid="" atype="" debuf="" Aitype="0"/>
<item  id="5002" type="0" cd="20.0" effect="" buf="" landid="" atype="" debuf="2:2000:0" Aitype="0"/>
<item  id="5003" type="0" cd="20.0" effect="" buf="" landid="" atype="" debuf="6:5000:60" Aitype="0"/>
<item  id="1101" type="10" cd="10.0" effect="" buf="9:500:50|11:150:0" landid="" atype="" debuf="" Aitype="2"/>
<item  id="1102" type="1" cd="5.0" effect="" buf="1:5000:0|2:5000:0" landid="1|2|3|4|5|6|7|8|51|52|53|101|103|105|106|151|152|203|204|205|206|207|208|209|251|252" atype="" debuf="" Aitype="2"/>
<item  id="1103" type="0" cd="20.0" effect="1009:5000:2.0" buf="" landid="" atype="" debuf="7:5000:50" Aitype="3"/>
<item  id="1104" type="0" cd="20.0" effect="1104:5000:3.0" buf="" landid="" atype="" debuf="18:5000:0" Aitype="3"/>
<item  id="1105" type="8" cd="20.0" effect="" buf="6:5000:80" landid="" atype="" debuf="" Aitype="3"/>
<item  id="1106" type="5" cd="10.0" effect="" buf="1:10000:0" landid="1|2|3|4|5|6|7|8|51|52|53|101|103|105|106|151|152|203|204|205|206|207|208|209|251|252" atype="" debuf="" Aitype="2"/>
<item  id="1107" type="12" cd="5.0" effect="" buf="23:100:0" landid="" atype="" debuf="" Aitype="1"/>
<item  id="1108" type="0" cd="20.0" effect="" buf="19:10000:0" landid="" atype="" debuf="" Aitype="4"/>
<item  id="1109" type="10" cd="20.0" effect="" buf="9:200:50|11:200:0" landid="" atype="" debuf="" Aitype="3"/>
<item  id="1110" type="0" cd="20.0" effect="1110:5000:3.0" buf="" landid="" atype="" debuf="20:6000:0" Aitype="3"/>
<item  id="1111" type="0" cd="20.0" effect="" buf="22:5000:0" landid="" atype="" debuf="" Aitype="3"/>
<item  id="1112" type="11" cd="20.0" effect="" buf="9:5000:50|6:5000:50" landid="" atype="" debuf="" Aitype="1"/>
<item  id="1113" type="0" cd="20.0" effect="1113:5000:3.0" buf="" landid="" atype="" debuf="21:6000:5|9:6000:0" Aitype="3"/>
<item  id="5004" type="0" cd="0.0" effect="" buf="24:3000:0" landid="" atype="" debuf="" Aitype="0"/>
<item  id="1201" type="5" cd="5.0" effect="" buf="1:10000:0" landid="302|303|304|305|306|307|308|309|310|351|352" atype="" debuf="" Aitype="2"/>
<item  id="1202" type="0" cd="20.0" effect="1202:5000:3.0" buf="" landid="" atype="" debuf="20:5000:0" Aitype="3"/>
<item  id="1203" type="0" cd="10.0" effect="" buf="5:10000:80|16:10000:0" landid="" atype="" debuf="" Aitype="2"/>
<item  id="1204" type="0" cd="10.0" effect="" buf="25:10000:0" landid="" atype="" debuf="21:5000:5" Aitype="1"/>
<item  id="1205" type="0" cd="20.0" effect="" buf="17:10000:10" landid="" atype="" debuf="" Aitype="3"/>
<item  id="1206" type="0" cd="20.0" effect="1206:5000:2.0" buf="" landid="" atype="" debuf="7:5000:50" Aitype="3"/>
<item  id="1207" type="0" cd="10.0" effect="" buf="9:200:50|11:200:0" landid="" atype="" debuf="2:1000:0" Aitype="3"/>
<item  id="1208" type="0" cd="5.0" effect="" buf="29:100:0" landid="" atype="" debuf="" Aitype="1"/>
<item  id="1209" type="0" cd="20.0" effect="" buf="9:5000:80" landid="" atype="" debuf="" Aitype="1"/>
<item  id="1210" type="0" cd="20.0" effect="" buf="9:200:50|11:200:0|27:200:0" landid="" atype="" debuf="26:5000:5" Aitype="3"/>
<item  id="1211" type="11" cd="20.0" effect="" buf="9:5000:30|6:5000:80" landid="" atype="" debuf="" Aitype="1"/>
<item  id="1212" type="0" cd="10.0" effect="" buf="27:5000:0" landid="" atype="" debuf="26:5000:5" Aitype="3"/>
<item  id="1213" type="0" cd="5.0" effect="" buf="28:100:0" landid="" atype="" debuf="2:1000:0" Aitype="3"/>
<item  id="20001" type="0" cd="0" effect="" buf="" landid="" atype="" debuf="" Aitype="0"/>
<item  id="20002" type="0" cd="0" effect="" buf="" landid="" atype="" debuf="" Aitype="0"/>
<item  id="20003" type="0" cd="0" effect="" buf="" landid="" atype="" debuf="" Aitype="0"/>
<item  id="20004" type="0" cd="0" effect="" buf="" landid="" atype="" debuf="" Aitype="0"/>
</config>
