<?xml version="1.0" encoding="utf-8"?>
<config>
<!--id:动物id speedup:加速时对原速度倍率 speedupinterval:加速间隔 hprecover：不被攻击时每秒回复最大血量百分比 hp:最大血量 attack:攻击 attackinterval：攻击间隔 divetime:每秒消耗空气，满值100点 diveinterval：潜水间隔-->
<!--兔子-->
<animal id="1" sprint_speed="3" sprint_frames="20" sprint_cost="3" sprint_interval="1.5" buff_speed="2"  buff_speed_cost_frames="7" buff_speed_cost="1" hprecover="2" hp="65" attack="10" attackinterval="0.7" scale="0.306" divetime="17" diveinterval="2" eatRange="0" hitStopForce="1.5" hitStopTime="0.3">
		<food>
		<!--不同地食物增加经验 11小红点 13大红点 21蘑菇 22红蘑菇 23蘑菇灌木 24浮萍-->
			<item foodid="11" exp="1"/>
			<item foodid="13" exp="3"/>
		</food>
		<speed>
		<!--不同地形移动速度 单位：格子/秒-->
		<!--1空地 2沙地 3河 4小岛 5洞 101地下 102水下-->
			<item landid="1" speed="1.25"/>
			<item landid="2" speed="0.6"/>
			<item landid="3" speed="0.8"/>		
			<item landid="4" speed="1.25"/>
			<item landid="5" speed="1.25"/>
			<item landid="102" speed="0.6"/>	
		</speed>
		<angularspeed>
		<!--不同地形转动速度 单位：角度/秒-->
			<item landid="1" speed="360"/>
			<item landid="2" speed="330"/>
			<item landid="3" speed="345"/>		
			<item landid="4" speed="360"/>
			<item landid="5" speed="360"/>
			<item landid="102" speed="330"/>	
		</angularspeed>
		<!--landid 1：陆地 5:地洞 2：泥地 3：河 4：小岛 在各种地形上水每秒消耗-->
		<consume>
			<item landid="1" persecond="2"/>
			<item landid="4" persecond="2"/>
			<item landid="5" persecond="1"/>
		</consume>
</animal>
<!--狐狸-->
<animal id="2" sprint_speed="3" sprint_frames="20" sprint_cost="3" sprint_interval="1.5" buff_speed="2"  buff_speed_cost_frames="7" buff_speed_cost="1" hprecover="2" hp="77" attack="13" attackinterval="0.7" scale="0.368" divetime="17" diveinterval="2"  eatRange="0" hitStopForce="1.5" hitStopTime="0.3">
		<food>
			<item foodid="11" exp="1"/>
			<item foodid="13" exp="3"/>
		</food>
		<speed>
			<item landid="1" speed="1.25"/>
			<item landid="2" speed="0.6"/>
			<item landid="3" speed="0.8"/>		
			<item landid="4" speed="1.25"/>
			<item landid="5" speed="1.25"/>
			<item landid="102" speed="0.6"/>	
		</speed>
		<angularspeed>
			<item landid="1" speed="340"/>
			<item landid="2" speed="310"/>
			<item landid="3" speed="325"/>		
			<item landid="4" speed="340"/>
			<item landid="5" speed="340"/>
			<item landid="102" speed="310"/>	
		</angularspeed>
		<consume>
			<item landid="1" persecond="2"/>
			<item landid="4" persecond="2"/>
			<item landid="5" persecond="1"/>
		</consume>
</animal>
<!--猪-->
<animal id="3" sprint_speed="3" sprint_frames="20" sprint_cost="3" sprint_interval="1.5" buff_speed="2"  buff_speed_cost_frames="7" buff_speed_cost="1" hprecover="2" hp="90" attack="16" attackinterval="0.7" scale="0.427" divetime="17" diveinterval="2"  eatRange="0" hitStopForce="1.5" hitStopTime="0.3">
		<food>
			<item foodid="11" exp="1"/>
			<item foodid="13" exp="3"/>
			<item foodid="21" exp="8"/>
		</food>
		<speed>
			<item landid="1" speed="1.1"/>
			<item landid="2" speed="1.3"/>
			<item landid="3" speed="0.8"/>		
			<item landid="4" speed="1.1"/>
			<item landid="5" speed="1.1"/>
			<item landid="102" speed="0.6"/>	
		</speed>
		<angularspeed>
			<item landid="1" speed="320"/>
			<item landid="2" speed="360"/>
			<item landid="3" speed="305"/>		
			<item landid="4" speed="320"/>
			<item landid="5" speed="320"/>
			<item landid="102" speed="290"/>	
		</angularspeed>
		<consume>
			<item landid="1" persecond="2"/>
			<item landid="4" persecond="2"/>
			<item landid="5" persecond="1"/>
		</consume>
</animal>
<!--猴子-->
<animal id="4" sprint_speed="3" sprint_frames="20" sprint_cost="3" sprint_interval="1.5" buff_speed="2"  buff_speed_cost_frames="7" buff_speed_cost="1" hprecover="2" hp="103" attack="19" attackinterval="0.7" scale="0.427" divetime="17" diveinterval="2"  eatRange="0" hitStopForce="1.5" hitStopTime="0.3">
		<food>
			<item foodid="11" exp="1"/>
			<item foodid="13" exp="3"/>
			<item foodid="21" exp="20"/>
		</food>
		<walkblock>
			<item type="1"/>
			<item type="4"/>
		</walkblock>
		<speed>
			<item landid="1" speed="1.2"/>
			<item landid="2" speed="0.6"/>
			<item landid="3" speed="0.8"/>		
			<item landid="4" speed="1.2"/>
			<item landid="5" speed="1.2"/>
			<item landid="102" speed="0.6"/>	
		</speed>
		<angularspeed>
			<item landid="1" speed="300"/>
			<item landid="2" speed="270"/>
			<item landid="3" speed="285"/>		
			<item landid="4" speed="300"/>
			<item landid="5" speed="300"/>
			<item landid="102" speed="270"/>	
		</angularspeed>
		<consume>
			<item landid="1" persecond="2"/>
			<item landid="4" persecond="2"/>
			<item landid="5" persecond="1"/>
		</consume>
</animal>
<!--穿山甲-->
<animal id="5" sprint_speed="3" sprint_frames="20" sprint_cost="3" sprint_interval="1.5" buff_speed="2"  buff_speed_cost_frames="7" buff_speed_cost="1" hprecover="2" hp="116" attack="22" attackinterval="0.7" scale="0.512" divetime="17" diveinterval="2"  eatRange="0" hitStopForce="1.5" hitStopTime="0.3">
		<food>
			<item foodid="11" exp="1"/>
			<item foodid="13" exp="3"/>
			<item foodid="21" exp="20"/>
			<item foodid="22" exp="150"/>
		</food>
		<walkblock>
			<item type="4"/>
		</walkblock>
		<speed>
			<item landid="1" speed="1.15"/>
			<item landid="2" speed="0.6"/>
			<item landid="3" speed="0.8"/>		
			<item landid="4" speed="1.15"/>
			<item landid="5" speed="1.15"/>
			<item landid="102" speed="0.6"/>	
		</speed>
		<angularspeed>
			<item landid="1" speed="280"/>
			<item landid="2" speed="250"/>
			<item landid="3" speed="265"/>		
			<item landid="4" speed="280"/>
			<item landid="5" speed="280"/>
			<item landid="102" speed="250"/>
		</angularspeed>
		<consume>
			<item landid="1" persecond="2"/>
			<item landid="4" persecond="2"/>
			<item landid="5" persecond="1"/>
		</consume>
</animal>
<!--斑马-->
<animal id="6" sprint_speed="3" sprint_frames="20" sprint_cost="3" sprint_interval="1.5" buff_speed="2"  buff_speed_cost_frames="7" buff_speed_cost="1" hprecover="2" hp="129" attack="25" attackinterval="0.7" scale="0.548" divetime="13" diveinterval="2"  eatRange="0" hitStopForce="1.5" hitStopTime="0.3">
		<food>
			<item foodid="21" exp="30"/>
			<item foodid="24" exp="60"/>
			<item foodid="22" exp="150"/>
			<item foodid="23" exp="1000"/>
		</food>
		<!--type:1-绿石头 4-大红点 5-产水点-->
		<walkblock>
			<item type="4"/>
		</walkblock>
		<speed>
			<item landid="1" speed="1.25"/>
			<item landid="2" speed="0.6"/>
			<item landid="3" speed="1.05"/>		
			<item landid="4" speed="1.25"/>
			<item landid="5" speed="1.25"/>
			<item landid="102" speed="0.8"/>	
		</speed>
		<angularspeed>
			<item landid="1" speed="260"/>
			<item landid="2" speed="230"/>
			<item landid="3" speed="330"/>		
			<item landid="4" speed="260"/>
			<item landid="5" speed="260"/>
			<item landid="102" speed="315"/>
		</angularspeed>
		<consume>
			<item landid="1" persecond="2"/>
			<item landid="4" persecond="2"/>
			<item landid="5" persecond="1"/>
		</consume>
</animal>
<!--河马-->
<animal id="7" sprint_speed="3" sprint_frames="20" sprint_cost="3" sprint_interval="1.5" buff_speed="2"  buff_speed_cost_frames="7" buff_speed_cost="1" hprecover="2" hp="142" attack="28" attackinterval="0.7" scale="0.61" divetime="9" diveinterval="2"  eatRange="0" hitStopForce="1.5" hitStopTime="0.3">
		<food>
			<item foodid="11" exp="1"/>
			<item foodid="13" exp="3"/>
			<item foodid="21" exp="20"/>
			<item foodid="22" exp="400"/>
			<item foodid="23" exp="1000"/>
			<item foodid="24" exp="50"/>
		</food>
		<walkblock>
			<item type="5"/>
		</walkblock>
		<speed>
			<item landid="1" speed="1.1"/>
			<item landid="2" speed="1.3"/>
			<item landid="3" speed="1.3"/>		
			<item landid="4" speed="1.1"/>
			<item landid="5" speed="1.1"/>
			<item landid="102" speed="0.95"/>	
		</speed>
		<angularspeed>
			<item landid="1" speed="240"/>
			<item landid="2" speed="360"/>
			<item landid="3" speed="360"/>		
			<item landid="4" speed="240"/>
			<item landid="5" speed="240"/>
			<item landid="102" speed="345"/>
		</angularspeed>
		<consume>
			<item landid="1" persecond="2"/>
			<item landid="4" persecond="2"/>
			<item landid="5" persecond="1"/>
		</consume>
</animal>
<!--豹子-->
<animal id="8" sprint_speed="3" sprint_frames="20" sprint_cost="3" sprint_interval="1.5" buff_speed="2"  buff_speed_cost_frames="7" buff_speed_cost="1" hprecover="2" hp="157" attack="31" attackinterval="0.7" scale="0.61" divetime="17" diveinterval="2"  eatRange="0" hitStopForce="1.5" hitStopTime="0.3">
		<food>
			<item foodid="11" exp="1"/>
			<item foodid="13" exp="3"/>
			<item foodid="21" exp="20"/>
			<item foodid="22" exp="400"/>
			<item foodid="23" exp="1000"/>
			<item foodid="24" exp="50"/>
		</food>
		<walkblock>
			<item type="4"/>
		</walkblock>
		<speed>
			<item landid="1" speed="1.3"/>
			<item landid="2" speed="0.6"/>
			<item landid="3" speed="0.8"/>		
			<item landid="4" speed="1.3"/>
			<item landid="5" speed="1.3"/>
			<item landid="102" speed="0.6"/>	
		</speed>
		<angularspeed>
			<item landid="1" speed="220"/>
			<item landid="2" speed="190"/>
			<item landid="3" speed="205"/>		
			<item landid="4" speed="220"/>
			<item landid="5" speed="220"/>
			<item landid="102" speed="190"/>
		</angularspeed>
		<consume>
			<item landid="1" persecond="2"/>
			<item landid="4" persecond="2"/>
			<item landid="5" persecond="1"/>
		</consume>
</animal>
<!--鳄鱼-->
<animal id="9" sprint_speed="3" sprint_frames="20" sprint_cost="3" sprint_interval="1.5" buff_speed="2"  buff_speed_cost_frames="7" buff_speed_cost="1" hprecover="2" hp="172" attack="34" attackinterval="0.7" scale="0.638" divetime="9" diveinterval="2"  eatRange="0" hitStopForce="1.5" hitStopTime="0.3">
		<food>
			<item foodid="11" exp="1"/>
			<item foodid="13" exp="3"/>
			<item foodid="21" exp="20"/>
			<item foodid="22" exp="400"/>
			<item foodid="23" exp="1000"/>
			<item foodid="24" exp="50"/>
		</food>
		<walkblock>
			<item type="4"/>
			<item type="5"/>
		</walkblock>
		<speed>
			<item landid="1" speed="1.15"/>
			<item landid="2" speed="1.3"/>
			<item landid="3" speed="1.3"/>		
			<item landid="4" speed="1.15"/>
			<item landid="5" speed="1.15"/>
			<item landid="102" speed="1"/>	
		</speed>
		<angularspeed>
			<item landid="1" speed="200"/>
			<item landid="2" speed="360"/>
			<item landid="3" speed="360"/>		
			<item landid="4" speed="200"/>
			<item landid="5" speed="200"/>
			<item landid="102" speed="345"/>
		</angularspeed>
		<consume>
			<item landid="1" persecond="2"/>
			<item landid="4" persecond="2"/>
			<item landid="5" persecond="1"/>
		</consume>
</animal>
<!--犀牛-->
<animal id="10" sprint_speed="3" sprint_frames="20" sprint_cost="3" sprint_interval="1.5" buff_speed="2"  buff_speed_cost_frames="7" buff_speed_cost="1" hprecover="2" hp="187" attack="37" attackinterval="0.7" scale="0.687" divetime="17" diveinterval="2"  eatRange="0" hitStopForce="1.5" hitStopTime="0.3">
		<food>
			<item foodid="11" exp="1"/>
			<item foodid="13" exp="3"/>
			<item foodid="21" exp="20"/>
			<item foodid="22" exp="400"/>
			<item foodid="23" exp="1000"/>
			<item foodid="24" exp="50"/>
		</food>
		<walkblock>
			<item type="4"/>
			<item type="1"/>
		</walkblock>
		<speed>
			<item landid="1" speed="1.2"/>
			<item landid="2" speed="0.6"/>
			<item landid="3" speed="0.8"/>		
			<item landid="4" speed="1.2"/>
			<item landid="5" speed="1.2"/>
			<item landid="102" speed="0.6"/>	
		</speed>
		<angularspeed>
			<item landid="1" speed="180"/>
			<item landid="2" speed="150"/>
			<item landid="3" speed="165"/>		
			<item landid="4" speed="180"/>
			<item landid="5" speed="180"/>
			<item landid="102" speed="150"/>
		</angularspeed>
		<consume>
			<item landid="1" persecond="2"/>
			<item landid="4" persecond="2"/>
			<item landid="5" persecond="1"/>
		</consume>
</animal>
<!--狮子-->
<animal id="11" sprint_speed="3" sprint_frames="20" sprint_cost="3" sprint_interval="1.5" buff_speed="2"  buff_speed_cost_frames="7" buff_speed_cost="1" hprecover="2" hp="210" attack="40" attackinterval="0.7" scale="0.712" divetime="17" diveinterval="2"  eatRange="0" hitStopForce="1.5" hitStopTime="0.3">
		<food>
			<item foodid="11" exp="1"/>
			<item foodid="13" exp="3"/>
			<item foodid="21" exp="20"/>
			<item foodid="22" exp="400"/>
			<item foodid="23" exp="1000"/>
			<item foodid="24" exp="50"/>
		</food>
		<walkblock>
			<item type="4"/>
		</walkblock>
		<speed>
			<item landid="1" speed="1.3"/>
			<item landid="2" speed="0.6"/>
			<item landid="3" speed="0.8"/>		
			<item landid="4" speed="1.3"/>
			<item landid="5" speed="1.3"/>
			<item landid="102" speed="0.6"/>	
		</speed>
		<angularspeed>
			<item landid="1" speed="150"/>
			<item landid="2" speed="120"/>
			<item landid="3" speed="135"/>		
			<item landid="4" speed="150"/>
			<item landid="5" speed="150"/>
			<item landid="102" speed="120"/>
		</angularspeed>
		<consume>
			<item landid="1" persecond="2"/>
			<item landid="4" persecond="2"/>
			<item landid="5" persecond="1"/>
		</consume>
</animal>
<!--大象-->
<animal id="12" sprint_speed="3" sprint_frames="20" sprint_cost="3" sprint_interval="1.5" buff_speed="2"  buff_speed_cost_frames="7" buff_speed_cost="1" hprecover="2" hp="240" attack="45" attackinterval="0.7" scale="0.914" divetime="17" diveinterval="2"  eatRange="0" hitStopForce="1.5" hitStopTime="0.3">
		<food>
			<item foodid="11" exp="1"/>
			<item foodid="13" exp="3"/>
			<item foodid="21" exp="20"/>
			<item foodid="22" exp="400"/>
			<item foodid="23" exp="1000"/>
			<item foodid="24" exp="50"/>
		</food>
		<walkblock>
			<item type="4"/>
			<item type="5"/>
			<item type="1"/>
		</walkblock>
		<speed>
			<item landid="1" speed="1.1"/>
			<item landid="2" speed="0.6"/>
			<item landid="3" speed="0.8"/>		
			<item landid="4" speed="1.1"/>
			<item landid="5" speed="1.1"/>
			<item landid="102" speed="0.6"/>	
		</speed>
		<angularspeed>
			<item landid="1" speed="120"/>
			<item landid="2" speed="90"/>
			<item landid="3" speed="105"/>		
			<item landid="4" speed="120"/>
			<item landid="5" speed="120"/>
			<item landid="102" speed="90"/>
		</angularspeed>
		<consume>
			<item landid="1" persecond="2"/>
			<item landid="4" persecond="2"/>
			<item landid="5" persecond="1"/>
		</consume>
</animal>
<!--熊猫-->
<animal id="13" sprint_speed="3" sprint_frames="20" sprint_cost="3" sprint_interval="1.5" buff_speed="2"  buff_speed_cost_frames="7" buff_speed_cost="1" hprecover="2" hp="240" attack="45" attackinterval="0.7" scale="0.853" divetime="17" diveinterval="2"  eatRange="0" hitStopForce="1.5" hitStopTime="0.3">
		<food>
			<item foodid="11" exp="1"/>
			<item foodid="13" exp="3"/>
			<item foodid="21" exp="20"/>
			<item foodid="22" exp="400"/>
			<item foodid="23" exp="1000"/>
			<item foodid="24" exp="50"/>
		</food>
		<walkblock>
			<item type="4"/>
			<item type="5"/>
			<item type="1"/>
		</walkblock>
		<speed>
			<item landid="1" speed="1.1"/>
			<item landid="2" speed="0.6"/>
			<item landid="3" speed="0.8"/>		
			<item landid="4" speed="1.1"/>
			<item landid="5" speed="1.1"/>
			<item landid="102" speed="0.6"/>	
		</speed>
		<angularspeed>
			<item landid="1" speed="120"/>
			<item landid="2" speed="90"/>
			<item landid="3" speed="105"/>		
			<item landid="4" speed="120"/>
			<item landid="5" speed="120"/>
			<item landid="102" speed="90"/>
		</angularspeed>
		<consume>
			<item landid="1" persecond="2"/>
			<item landid="4" persecond="2"/>
			<item landid="5" persecond="1"/>
		</consume>
</animal>
<!--冲刺技能无视地形组-->
<animal id="99" sprint_speed="3" sprint_frames="20" sprint_cost="3" sprint_interval="1.5" buff_speed="2"  buff_speed_cost_frames="7" buff_speed_cost="1" hprecover="2" hp="240" attack="45" attackinterval="0.7" scale="1.227" divetime="17" diveinterval="2" hitStopForce="1.5" hitStopTime="0.3">
		<food>
			<item foodid="11" exp="1"/>
			<item foodid="13" exp="3"/>
			<item foodid="21" exp="20"/>
			<item foodid="22" exp="400"/>
			<item foodid="23" exp="1000"/>
			<item foodid="24" exp="50"/>
		</food>
		<walkblock>
			<item type="4"/>
			<item type="5"/>
			<item type="1"/>
		</walkblock>
		<speed>
			<item landid="1" speed="1.1"/>
			<item landid="2" speed="0.6"/>
			<item landid="3" speed="0.8"/>		
			<item landid="4" speed="1.1"/>
			<item landid="5" speed="1.1"/>
			<item landid="102" speed="0.6"/>	
		</speed>
		<angularspeed>
			<item landid="1" speed="320"/>
			<item landid="2" speed="290"/>
			<item landid="3" speed="305"/>		
			<item landid="4" speed="320"/>
			<item landid="5" speed="320"/>
			<item landid="102" speed="305"/>
		</angularspeed>
		<consume>
			<item landid="1" persecond="2"/>
			<item landid="4" persecond="2"/>
			<item landid="5" persecond="1"/>
		</consume>
</animal>
<!--id:动物id speedup:加速时对原速度倍率 speedupinterval:加速间隔 hprecover：不被攻击时每秒回复最大血量百分比 hp:最大血量 attack:攻击 attackinterval：攻击间隔 divetime:每秒消耗空气，满值100点 diveinterval：潜水间隔-->
<!--小丑鱼-->
<animal id="1001" sprint_speed="3" sprint_frames="20" sprint_cost="3" sprint_interval="1.5" buff_speed="2"  buff_speed_cost_frames="7" buff_speed_cost="1" hprecover="2" hp="65" attack="10" attackinterval="0.7" scale="0.306" divetime="9" diveinterval="2" eatRange="0" hitStopForce="1.5" hitStopTime="0.3">
		<food>
		<!--不同地食物增加经验 14小黄点 15大黄点 26小珊瑚 27中珊瑚 25珊瑚丛 28海草-->
			<item foodid="14" exp="1"/>
			<item foodid="15" exp="3"/>
		</food>
		<speed>
		<!--不同地形移动速度 单位：格子/秒-->
		<!--1空地 2沙地 3河 4小岛 5洞 101地下 102水下 6洋流-->
			<item landid="1" speed="0.8"/>
			<item landid="6" speed="0.7"/>
			<item landid="3" speed="1.25"/>		
			<item landid="4" speed="0.8"/>
			<item landid="5" speed="1.25"/>
			<item landid="102" speed="0.95"/>	
		</speed>
		<angularspeed>
		<!--不同地形转动速度 单位：角度/秒-->
			<item landid="1" speed="345"/>
			<item landid="6" speed="330"/>
			<item landid="3" speed="360"/>		
			<item landid="4" speed="345"/>
			<item landid="5" speed="360"/>
			<item landid="102" speed="345"/>	
		</angularspeed>
		<!--landid 1：陆地 5:地洞 2：泥地 3：河 4：小岛 在各种地形上水每秒消耗-->
		<consume>
			<item landid="1" persecond="12"/>
			<item landid="4" persecond="12"/>
			<item landid="5" persecond="1"/>
		</consume>
</animal>
<!--螃蟹-->
<animal id="1002" sprint_speed="3" sprint_frames="20" sprint_cost="3" sprint_interval="1.5" buff_speed="2"  buff_speed_cost_frames="7" buff_speed_cost="1" hprecover="2" hp="77" attack="13" attackinterval="0.7" scale="0.368" divetime="13" diveinterval="2"  eatRange="0" hitStopForce="1.5" hitStopTime="0.3">
		<food>
			<item foodid="14" exp="1"/>
			<item foodid="15" exp="3"/>
		</food>
		<walkblock>
			<item type="1"/>
		</walkblock>
		<speed>
			<item landid="1" speed="1.2"/>
			<item landid="6" speed="0.6"/>
			<item landid="3" speed="1.15"/>		
			<item landid="4" speed="1.2"/>
			<item landid="5" speed="1.15"/>
			<item landid="102" speed="0.85"/>	
		</speed>
		<angularspeed>
			<item landid="1" speed="360"/>
			<item landid="6" speed="310"/>
			<item landid="3" speed="340"/>		
			<item landid="4" speed="360"/>
			<item landid="5" speed="340"/>
			<item landid="102" speed="325"/>	
		</angularspeed>
		<consume>
			<item landid="1" persecond="6"/>
			<item landid="4" persecond="6"/>
			<item landid="5" persecond="1"/>
		</consume>
</animal>
<!--乌贼-->
<animal id="1003" sprint_speed="3" sprint_frames="20" sprint_cost="3" sprint_interval="1.5" buff_speed="2"  buff_speed_cost_frames="7" buff_speed_cost="1" hprecover="2" hp="90" attack="16" attackinterval="0.7" scale="0.427" divetime="9" diveinterval="2"  eatRange="0" hitStopForce="1.5" hitStopTime="0.3">
		<food>
			<item foodid="14" exp="1"/>
			<item foodid="15" exp="3"/>
			<item foodid="26" exp="8"/>
		</food>
		<speed>
			<item landid="1" speed="0.8"/>
			<item landid="6" speed="0.7"/>
			<item landid="3" speed="1.2"/>		
			<item landid="4" speed="0.8"/>
			<item landid="5" speed="1.2"/>
			<item landid="102" speed="0.9"/>	
		</speed>
		<angularspeed>
			<item landid="1" speed="305"/>
			<item landid="6" speed="290"/>
			<item landid="3" speed="320"/>		
			<item landid="4" speed="305"/>
			<item landid="5" speed="320"/>
			<item landid="102" speed="305"/>	
		</angularspeed>
		<consume>
			<item landid="1" persecond="12"/>
			<item landid="4" persecond="12"/>
			<item landid="5" persecond="1"/>
		</consume>
</animal>
<!--海马-->
<animal id="1004" sprint_speed="3" sprint_frames="20" sprint_cost="3" sprint_interval="1.5" buff_speed="2"  buff_speed_cost_frames="7" buff_speed_cost="1" hprecover="2" hp="103" attack="19" attackinterval="0.7" scale="0.427" divetime="9" diveinterval="2"  eatRange="0" hitStopForce="1.5" hitStopTime="0.3">
		<food>
			<item foodid="14" exp="1"/>
			<item foodid="15" exp="3"/>
			<item foodid="26" exp="20"/>
		</food>
		<walkblock>
			<item type="4"/>
		</walkblock>
		<speed>
			<item landid="1" speed="0.8"/>
			<item landid="6" speed="0.7"/>
			<item landid="3" speed="1.15"/>		
			<item landid="4" speed="0.8"/>
			<item landid="5" speed="1.15"/>
			<item landid="102" speed="0.85"/>	
		</speed>
		<angularspeed>
			<item landid="1" speed="285"/>
			<item landid="6" speed="270"/>
			<item landid="3" speed="300"/>		
			<item landid="4" speed="285"/>
			<item landid="5" speed="300"/>
			<item landid="102" speed="285"/>	
		</angularspeed>
		<consume>
			<item landid="1" persecond="12"/>
			<item landid="4" persecond="12"/>
			<item landid="5" persecond="1"/>
		</consume>
</animal>
<!--水母-->
<animal id="1005" sprint_speed="3" sprint_frames="20" sprint_cost="3" sprint_interval="1.5" buff_speed="2"  buff_speed_cost_frames="7" buff_speed_cost="1" hprecover="2" hp="116" attack="22" attackinterval="0.7" scale="0.512" divetime="9" diveinterval="2"  eatRange="0" hitStopForce="1.5" hitStopTime="0.3">
		<food>
			<item foodid="14" exp="1"/>
			<item foodid="15" exp="3"/>
			<item foodid="26" exp="20"/>
			<item foodid="27" exp="150"/>
		</food>
		<walkblock>
			<item type="4"/>
		</walkblock>
		<speed>
			<item landid="1" speed="0.8"/>
			<item landid="6" speed="0.8"/>
			<item landid="3" speed="1.2"/>		
			<item landid="4" speed="0.8"/>
			<item landid="5" speed="1.2"/>
			<item landid="102" speed="0.9"/>	
		</speed>
		<angularspeed>
			<item landid="1" speed="265"/>
			<item landid="6" speed="250"/>
			<item landid="3" speed="280"/>		
			<item landid="4" speed="265"/>
			<item landid="5" speed="280"/>
			<item landid="102" speed="265"/>
		</angularspeed>
		<consume>
			<item landid="1" persecond="12"/>
			<item landid="4" persecond="12"/>
			<item landid="5" persecond="1"/>
		</consume>
</animal>
<!--海龟-->
<animal id="1006" sprint_speed="3" sprint_frames="20" sprint_cost="3" sprint_interval="1.5" buff_speed="2"  buff_speed_cost_frames="7" buff_speed_cost="1" hprecover="2" hp="129" attack="25" attackinterval="0.7" scale="0.548" divetime="5" diveinterval="2"  eatRange="0" hitStopForce="1.5" hitStopTime="0.3">
		<food>
			<item foodid="14" exp="1"/>
			<item foodid="15" exp="3"/>
			<item foodid="25" exp="1000"/>
			<item foodid="26" exp="20"/>
			<item foodid="27" exp="150"/>
			<item foodid="28" exp="50"/>
		</food>
		<!--type:1-绿石头 4-大红点 5-产水点-->
		<walkblock>
			<item type="1"/>
			<item type="4"/>
		</walkblock>
		<speed>
			<item landid="1" speed="1.1"/>
			<item landid="6" speed="0.8"/>
			<item landid="3" speed="1.1"/>		
			<item landid="4" speed="1.1"/>
			<item landid="5" speed="1.1"/>
			<item landid="102" speed="0.8"/>	
		</speed>
		<angularspeed>
			<item landid="1" speed="300"/>
			<item landid="6" speed="230"/>
			<item landid="3" speed="260"/>		
			<item landid="4" speed="300"/>
			<item landid="5" speed="260"/>
			<item landid="102" speed="245"/>
		</angularspeed>
		<consume>
			<item landid="1" persecond="4"/>
			<item landid="4" persecond="4"/>
			<item landid="5" persecond="1"/>
		</consume>
</animal>
<!--河豚-->
<animal id="1007" sprint_speed="3" sprint_frames="20" sprint_cost="3" sprint_interval="1.5" buff_speed="2"  buff_speed_cost_frames="7" buff_speed_cost="1" hprecover="2" hp="142" attack="28" attackinterval="0.7" scale="0.61" divetime="9" diveinterval="2"  eatRange="0" hitStopForce="1.5" hitStopTime="0.3">
		<food>
			<item foodid="14" exp="1"/>
			<item foodid="15" exp="3"/>
			<item foodid="25" exp="1000"/>
			<item foodid="26" exp="20"/>
			<item foodid="27" exp="400"/>
			<item foodid="28" exp="50"/>
		</food>
		<walkblock>
			<item type="4"/>
		</walkblock>
		<speed>
			<item landid="1" speed="0.8"/>
			<item landid="6" speed="0.9"/>
			<item landid="3" speed="1.2"/>		
			<item landid="4" speed="0.8"/>
			<item landid="5" speed="1.2"/>
			<item landid="102" speed="0.9"/>	
		</speed>
		<angularspeed>
			<item landid="1" speed="225"/>
			<item landid="6" speed="220"/>
			<item landid="3" speed="240"/>		
			<item landid="4" speed="225"/>
			<item landid="5" speed="240"/>
			<item landid="102" speed="225"/>
		</angularspeed>
		<consume>
			<item landid="1" persecond="12"/>
			<item landid="4" persecond="12"/>
			<item landid="5" persecond="1"/>
		</consume>
</animal>
<!--剑鱼-->
<animal id="1008" sprint_speed="3" sprint_frames="20" sprint_cost="3" sprint_interval="1.5" buff_speed="2"  buff_speed_cost_frames="7" buff_speed_cost="1" hprecover="2" hp="157" attack="31" attackinterval="0.7" scale="0.61" divetime="9" diveinterval="2"  eatRange="0" hitStopForce="1.5" hitStopTime="0.3">
		<food>
			<item foodid="14" exp="1"/>
			<item foodid="15" exp="3"/>
			<item foodid="25" exp="1000"/>
			<item foodid="26" exp="20"/>
			<item foodid="27" exp="400"/>
			<item foodid="28" exp="50"/>
		</food>
		<walkblock>
			<item type="4"/>
		</walkblock>
		<speed>
			<item landid="1" speed="0.8"/>
			<item landid="6" speed="1.2"/>
			<item landid="3" speed="1.3"/>		
			<item landid="4" speed="0.8"/>
			<item landid="5" speed="1.3"/>
			<item landid="102" speed="1"/>	
		</speed>
		<angularspeed>
			<item landid="1" speed="205"/>
			<item landid="6" speed="210"/>
			<item landid="3" speed="220"/>		
			<item landid="4" speed="205"/>
			<item landid="5" speed="220"/>
			<item landid="102" speed="205"/>
		</angularspeed>
		<consume>
			<item landid="1" persecond="12"/>
			<item landid="4" persecond="12"/>
			<item landid="5" persecond="1"/>
		</consume>
</animal>
<!--魔鬼鱼-->
<animal id="1009" sprint_speed="3" sprint_frames="20" sprint_cost="3" sprint_interval="1.5" buff_speed="2"  buff_speed_cost_frames="7" buff_speed_cost="1" hprecover="2" hp="172" attack="34" attackinterval="0.7" scale="0.638" divetime="9" diveinterval="2"  eatRange="0" hitStopForce="1.5" hitStopTime="0.3">
		<food>
			<item foodid="14" exp="1"/>
			<item foodid="15" exp="3"/>
			<item foodid="25" exp="1000"/>
			<item foodid="26" exp="20"/>
			<item foodid="27" exp="400"/>
			<item foodid="28" exp="50"/>
		</food>
		<walkblock>
			<item type="4"/>
		</walkblock>
		<speed>
			<item landid="1" speed="0.8"/>
			<item landid="6" speed="1"/>
			<item landid="3" speed="1.2"/>		
			<item landid="4" speed="0.8"/>
			<item landid="5" speed="1.2"/>
			<item landid="102" speed="0.9"/>	
		</speed>
		<angularspeed>
			<item landid="1" speed="185"/>
			<item landid="6" speed="180"/>
			<item landid="3" speed="200"/>		
			<item landid="4" speed="185"/>
			<item landid="5" speed="200"/>
			<item landid="102" speed="185"/>
		</angularspeed>
		<consume>
			<item landid="1" persecond="12"/>
			<item landid="4" persecond="12"/>
			<item landid="5" persecond="1"/>
		</consume>
</animal>
<!--海豚-->
<animal id="1010" sprint_speed="3" sprint_frames="20" sprint_cost="3" sprint_interval="1.5" buff_speed="2"  buff_speed_cost_frames="7" buff_speed_cost="1" hprecover="2" hp="187" attack="37" attackinterval="0.7" scale="0.687" divetime="9" diveinterval="2"  eatRange="0" hitStopForce="1.5" hitStopTime="0.3">
		<food>
			<item foodid="14" exp="1"/>
			<item foodid="15" exp="3"/>
			<item foodid="25" exp="1000"/>
			<item foodid="26" exp="20"/>
			<item foodid="27" exp="400"/>
			<item foodid="28" exp="50"/>
		</food>
		<walkblock>
			<item type="4"/>
		</walkblock>
		<speed>
			<item landid="1" speed="0.8"/>
			<item landid="6" speed="1.2"/>
			<item landid="3" speed="1.25"/>		
			<item landid="4" speed="0.8"/>
			<item landid="5" speed="1.25"/>
			<item landid="102" speed="0.95"/>	
		</speed>
		<angularspeed>
			<item landid="1" speed="165"/>
			<item landid="6" speed="170"/>
			<item landid="3" speed="180"/>		
			<item landid="4" speed="165"/>
			<item landid="5" speed="180"/>
			<item landid="102" speed="165"/>
		</angularspeed>
		<consume>
			<item landid="1" persecond="12"/>
			<item landid="4" persecond="12"/>
			<item landid="5" persecond="1"/>
		</consume>
</animal>
<!--鲨鱼-->
<animal id="1011" sprint_speed="3" sprint_frames="20" sprint_cost="3" sprint_interval="1.5" buff_speed="2"  buff_speed_cost_frames="7" buff_speed_cost="1" hprecover="2" hp="210" attack="40" attackinterval="0.7" scale="0.712" divetime="9" diveinterval="2"  eatRange="0" hitStopForce="1.5" hitStopTime="0.3">
		<food>
			<item foodid="14" exp="1"/>
			<item foodid="15" exp="3"/>
			<item foodid="25" exp="1000"/>
			<item foodid="26" exp="20"/>
			<item foodid="27" exp="400"/>
			<item foodid="28" exp="50"/>
		</food>
		<walkblock>
			<item type="4"/>
		</walkblock>
		<speed>
			<item landid="1" speed="0.8"/>
			<item landid="6" speed="1.3"/>
			<item landid="3" speed="1.3"/>		
			<item landid="4" speed="0.8"/>
			<item landid="5" speed="1.3"/>
			<item landid="102" speed="1"/>	
		</speed>
		<angularspeed>
			<item landid="1" speed="135"/>
			<item landid="6" speed="150"/>
			<item landid="3" speed="150"/>		
			<item landid="4" speed="135"/>
			<item landid="5" speed="150"/>
			<item landid="102" speed="135"/>
		</angularspeed>
		<consume>
			<item landid="1" persecond="12"/>
			<item landid="4" persecond="12"/>
			<item landid="5" persecond="1"/>
		</consume>
</animal>
<!--鲸鱼-->
<animal id="1012" sprint_speed="3" sprint_frames="20" sprint_cost="3" sprint_interval="1.5" buff_speed="2"  buff_speed_cost_frames="7" buff_speed_cost="1" hprecover="2" hp="240" attack="45" attackinterval="0.7" scale="0.914" divetime="9" diveinterval="2"  eatRange="0" hitStopForce="1.5" hitStopTime="0.3">
		<food>
			<item foodid="14" exp="1"/>
			<item foodid="15" exp="3"/>
			<item foodid="25" exp="1000"/>
			<item foodid="26" exp="20"/>
			<item foodid="27" exp="400"/>
			<item foodid="28" exp="50"/>
		</food>
		<walkblock>
			<item type="4"/>
		</walkblock>
		<speed>
			<item landid="1" speed="0.8"/>
			<item landid="6" speed="1.3"/>
			<item landid="3" speed="1.1"/>		
			<item landid="4" speed="0.8"/>
			<item landid="5" speed="1.1"/>
			<item landid="102" speed="0.8"/>	
		</speed>
		<angularspeed>
			<item landid="1" speed="105"/>
			<item landid="6" speed="120"/>
			<item landid="3" speed="120"/>		
			<item landid="4" speed="105"/>
			<item landid="5" speed="120"/>
			<item landid="102" speed="105"/>
		</angularspeed>
		<consume>
			<item landid="1" persecond="12"/>
			<item landid="4" persecond="12"/>
			<item landid="5" persecond="1"/>
		</consume>
</animal>
<!--美人鱼-->
<animal id="1013" sprint_speed="3" sprint_frames="20" sprint_cost="3" sprint_interval="1.5" buff_speed="2"  buff_speed_cost_frames="7" buff_speed_cost="1" hprecover="2" hp="240" attack="45" attackinterval="0.7" scale="0.853" divetime="9" diveinterval="2"  eatRange="0" hitStopForce="1.5" hitStopTime="0.3">
		<food>
			<item foodid="14" exp="1"/>
			<item foodid="15" exp="3"/>
			<item foodid="25" exp="1000"/>
			<item foodid="26" exp="20"/>
			<item foodid="27" exp="400"/>
			<item foodid="28" exp="50"/>
		</food>
		<walkblock>
			<item type="4"/>
			<item type="1"/>
		</walkblock>
		<speed>
			<item landid="1" speed="1"/>
			<item landid="6" speed="1.1"/>
			<item landid="3" speed="1.15"/>		
			<item landid="4" speed="1"/>
			<item landid="5" speed="1.15"/>
			<item landid="102" speed="0.85"/>	
		</speed>
		<angularspeed>
			<item landid="1" speed="120"/>
			<item landid="6" speed="110"/>
			<item landid="3" speed="120"/>		
			<item landid="4" speed="120"/>
			<item landid="5" speed="120"/>
			<item landid="102" speed="105"/>
		</angularspeed>
		<consume>
			<item landid="1" persecond="6"/>
			<item landid="4" persecond="6"/>
			<item landid="5" persecond="1"/>
		</consume>
</animal>
</config>