<?xml version="1.0"?>
<Config name="\data\头像与分享.xlsx">
	<item Id="12" name="1001" Icon="flag_130" severID="0" />
	<item Id="20" name="1002" Icon="flag_274" severID="904" />
	<item Id="784" name="1003" Icon="flag_113" severID="903" />
	<item Id="4" name="1004" Icon="flag_280" severID="903" />
	<item Id="28" name="1005" Icon="flag_154" severID="902" />
	<item Id="660" name="1006" Icon="flag_214" severID="902" />
	<item Id="8" name="1007" Icon="flag_190" severID="904" />
	<item Id="51" name="1008" Icon="flag_70" severID="903" />
	<item Id="24" name="1009" Icon="flag_244" severID="0" />
	<item Id="10" name="1010" Icon="flag_184" severID="0" />
	<item Id="32" name="1011" Icon="flag_124" severID="902" />
	<item Id="16" name="1012" Icon="flag_41" severID="903" />
	<item Id="40" name="1013" Icon="flag_238" severID="904" />
	<item Id="36" name="1014" Icon="flag_268" severID="903" />
	<item Id="533" name="1015" Icon="flag_34" severID="902" />
	<item Id="248" name="1016" Icon="flag_292" severID="904" />
	<item Id="31" name="1017" Icon="flag_208" severID="903" />
	<item Id="70" name="1018" Icon="flag_226" severID="904" />
	<item Id="52" name="1019" Icon="flag_64" severID="902" />
	<item Id="50" name="1020" Icon="flag_118" severID="903" />
	<item Id="56" name="1021" Icon="flag_232" severID="904" />
	<item Id="854" name="1022" Icon="flag_88" severID="0" />
	<item Id="100" name="1023" Icon="flag_93" severID="904" />
	<item Id="48" name="1024" Icon="flag_148" severID="903" />
	<item Id="108" name="1025" Icon="flag_46" severID="0" />
	<item Id="204" name="1026" Icon="flag_172" severID="0" />
	<item Id="60" name="1027" Icon="flag_142" severID="902" />
	<item Id="96" name="1028" Icon="flag_98" severID="903" />
	<item Id="68" name="1029" Icon="flag_286" severID="902" />
	<item Id="535" name="1030" Icon="flag_104" severID="902" />
	<item Id="76" name="1031" Icon="flag_166" severID="902" />
	<item Id="44" name="1032" Icon="flag_178" severID="902" />
	<item Id="64" name="1033" Icon="flag_112" severID="903" />
	<item Id="74" name="1034" Icon="flag_267" severID="0" />
	<item Id="72" name="1035" Icon="flag_196" severID="0" />
	<item Id="112" name="1036" Icon="flag_262" severID="904" />
	<item Id="84" name="1037" Icon="flag_202" severID="902" />
	<item Id="86" name="1038" Icon="flag_106" severID="903" />
	<item Id="124" name="1039" Icon="flag_81" severID="902" />
	<item Id="166" name="1040" Icon="flag_288" severID="903" />
	<item Id="180" name="1041" Icon="flag_264" severID="0" />
	<item Id="140" name="1042" Icon="flag_63" severID="0" />
	<item Id="178" name="1043" Icon="flag_258" severID="0" />
	<item Id="384" name="1044" Icon="flag_246" severID="0" />
	<item Id="184" name="1045" Icon="flag_84" severID="903" />
	<item Id="152" name="1046" Icon="flag_2" severID="902" />
	<item Id="120" name="1047" Icon="flag_11" severID="0" />
	<item Id="156" name="1048" Icon="flag_33" severID="901" />
	<item Id="170" name="1049" Icon="flag_276" severID="902" />
	<item Id="188" name="1050" Icon="flag_255" severID="902" />
	<item Id="136" name="1051" Icon="flag_69" severID="902" />
	<item Id="148" name="1052" Icon="flag_57" severID="0" />
	<item Id="174" name="1053" Icon="flag_270" severID="0" />
	<item Id="116" name="1054" Icon="flag_17" severID="903" />
	<item Id="191" name="1055" Icon="flag_234" severID="904" />
	<item Id="192" name="1056" Icon="flag_228" severID="902" />
	<item Id="132" name="1057" Icon="flag_75" severID="0" />
	<item Id="531" name="1058" Icon="flag_289" severID="902" />
	<item Id="162" name="1059" Icon="flag_1" severID="903" />
	<item Id="196" name="1060" Icon="flag_222" severID="904" />
	<item Id="203" name="1061" Icon="flag_216" severID="904" />
	<item Id="262" name="1062" Icon="flag_204" severID="0" />
	<item Id="208" name="1063" Icon="flag_210" severID="904" />
	<item Id="212" name="1064" Icon="flag_198" severID="902" />
	<item Id="214" name="1065" Icon="flag_192" severID="902" />
	<item Id="218" name="1066" Icon="flag_174" severID="902" />
	<item Id="233" name="1067" Icon="flag_144" severID="904" />
	<item Id="818" name="1068" Icon="flag_19" severID="0" />
	<item Id="232" name="1069" Icon="flag_150" severID="0" />
	<item Id="231" name="1070" Icon="flag_138" severID="0" />
	<item Id="222" name="1071" Icon="flag_168" severID="902" />
	<item Id="246" name="1072" Icon="flag_114" severID="904" />
	<item Id="242" name="1073" Icon="flag_120" severID="903" />
	<item Id="238" name="1074" Icon="flag_13" severID="902" />
	<item Id="234" name="1075" Icon="flag_126" severID="904" />
	<item Id="250" name="1076" Icon="flag_108" severID="904" />
	<item Id="260" name="1077" Icon="flag_101" severID="0" />
	<item Id="258" name="1078" Icon="flag_102" severID="903" />
	<item Id="276" name="1079" Icon="flag_51" severID="904" />
	<item Id="266" name="1080" Icon="flag_100" severID="0" />
	<item Id="308" name="1081" Icon="flag_159" severID="902" />
	<item Id="268" name="1082" Icon="flag_80" severID="903" />
	<item Id="254" name="1083" Icon="flag_290" severID="902" />
	<item Id="831" name="1084" Icon="flag_40" severID="904" />
	<item Id="288" name="1085" Icon="flag_279" severID="0" />
	<item Id="292" name="1086" Icon="flag_249" severID="904" />
	<item Id="304" name="1087" Icon="flag_189" severID="902" />
	<item Id="270" name="1088" Icon="flag_20" severID="0" />
	<item Id="324" name="1089" Icon="flag_243" severID="0" />
	<item Id="312" name="1090" Icon="flag_108" severID="902" />
	<item Id="226" name="1091" Icon="flag_156" severID="0" />
	<item Id="300" name="1092" Icon="flag_219" severID="904" />
	<item Id="320" name="1093" Icon="flag_74" severID="902" />
	<item Id="316" name="1094" Icon="flag_129" severID="903" />
	<item Id="624" name="1095" Icon="flag_273" severID="0" />
	<item Id="328" name="1096" Icon="flag_213" severID="902" />
	<item Id="336" name="1097" Icon="flag_167" severID="904" />
	<item Id="344" name="1098" Icon="flag_68" severID="903" />
	<item Id="334" name="1099" Icon="flag_268" severID="903" />
	<item Id="340" name="1100" Icon="flag_123" severID="902" />
	<item Id="332" name="1101" Icon="flag_183" severID="902" />
	<item Id="348" name="1102" Icon="flag_32" severID="904" />
	<item Id="360" name="1103" Icon="flag_207" severID="903" />
	<item Id="372" name="1104" Icon="flag_62" severID="904" />
	<item Id="376" name="1105" Icon="flag_261" severID="903" />
	<item Id="833" name="1106" Icon="flag_27" severID="904" />
	<item Id="356" name="1107" Icon="flag_237" severID="903" />
	<item Id="368" name="1108" Icon="flag_117" severID="903" />
	<item Id="364" name="1109" Icon="flag_147" severID="903" />
	<item Id="352" name="1110" Icon="flag_267" severID="904" />
	<item Id="380" name="1111" Icon="flag_231" severID="904" />
	<item Id="832" name="1112" Icon="flag_111" severID="904" />
	<item Id="388" name="1113" Icon="flag_201" severID="902" />
	<item Id="400" name="1114" Icon="flag_56" severID="903" />
	<item Id="392" name="1115" Icon="flag_141" severID="903" />
	<item Id="404" name="1116" Icon="flag_105" severID="0" />
	<item Id="417" name="1117" Icon="flag_9" severID="903" />
	<item Id="296" name="1118" Icon="flag_97" severID="903" />
	<item Id="408" name="1119" Icon="flag_87" severID="903" />
	<item Id="410" name="1120" Icon="flag_45" severID="903" />
	<item Id="414" name="1121" Icon="flag_16" severID="903" />
	<item Id="398" name="1122" Icon="flag_135" severID="903" />
	<item Id="418" name="1123" Icon="flag_50" severID="903" />
	<item Id="422" name="1124" Icon="flag_248" severID="903" />
	<item Id="438" name="1125" Icon="flag_128" severID="904" />
	<item Id="430" name="1126" Icon="flag_188" severID="0" />
	<item Id="426" name="1127" Icon="flag_218" severID="0" />
	<item Id="440" name="1128" Icon="flag_73" severID="904" />
	<item Id="442" name="1129" Icon="flag_272" severID="904" />
	<item Id="428" name="1130" Icon="flag_278" severID="904" />
	<item Id="434" name="1131" Icon="flag_158" severID="903" />
	<item Id="175" name="1132" Icon="flag_108" severID="0" />
	<item Id="504" name="1133" Icon="flag_110" severID="0" />
	<item Id="492" name="1134" Icon="flag_260" severID="904" />
	<item Id="498" name="1135" Icon="flag_26" severID="904" />
	<item Id="499" name="1136" Icon="flag_200" severID="904" />
	<item Id="450" name="1137" Icon="flag_182" severID="0" />
	<item Id="584" name="1138" Icon="flag_206" severID="903" />
	<item Id="807" name="1139" Icon="flag_212" severID="904" />
	<item Id="466" name="1140" Icon="flag_31" severID="0" />
	<item Id="104" name="1141" Icon="flag_283" severID="903" />
	<item Id="583" name="1142" Icon="flag_61" severID="903" />
	<item Id="496" name="1143" Icon="flag_230" severID="903" />
	<item Id="446" name="1144" Icon="flag_242" severID="903" />
	<item Id="580" name="1145" Icon="flag_8" severID="902" />
	<item Id="474" name="1146" Icon="flag_108" severID="902" />
	<item Id="478" name="1147" Icon="flag_176" severID="0" />
	<item Id="500" name="1148" Icon="flag_170" severID="902" />
	<item Id="470" name="1149" Icon="flag_266" severID="904" />
	<item Id="480" name="1150" Icon="flag_146" severID="0" />
	<item Id="462" name="1151" Icon="flag_67" severID="903" />
	<item Id="454" name="1152" Icon="flag_152" severID="0" />
	<item Id="484" name="1153" Icon="flag_116" severID="902" />
	<item Id="458" name="1154" Icon="flag_122" severID="903" />
	<item Id="508" name="1155" Icon="flag_55" severID="0" />
	<item Id="516" name="1156" Icon="flag_224" severID="0" />
	<item Id="540" name="1157" Icon="flag_108" severID="903" />
	<item Id="562" name="1158" Icon="flag_91" severID="0" />
	<item Id="574" name="1159" Icon="flag_21" severID="903" />
	<item Id="566" name="1160" Icon="flag_86" severID="0" />
	<item Id="558" name="1161" Icon="flag_96" severID="902" />
	<item Id="528" name="1163" Icon="flag_104" severID="904" />
	<item Id="578" name="1164" Icon="flag_78" severID="904" />
	<item Id="524" name="1165" Icon="flag_164" severID="0" />
	<item Id="520" name="1166" Icon="flag_194" severID="903" />
	<item Id="570" name="1167" Icon="flag_44" severID="903" />
	<item Id="554" name="1168" Icon="flag_4" severID="903" />
	<item Id="512" name="1169" Icon="flag_49" severID="903" />
	<item Id="591" name="1170" Icon="flag_187" severID="902" />
	<item Id="604" name="1171" Icon="flag_72" severID="902" />
	<item Id="598" name="1172" Icon="flag_157" severID="903" />
	<item Id="608" name="1173" Icon="flag_38" severID="903" />
	<item Id="586" name="1174" Icon="flag_277" severID="903" />
	<item Id="616" name="1175" Icon="flag_241" severID="904" />
	<item Id="612" name="1176" Icon="flag_271" severID="903" />
	<item Id="630" name="1177" Icon="flag_181" severID="902" />
	<item Id="275" name="1178" Icon="flag_217" severID="903" />
	<item Id="620" name="1179" Icon="flag_211" severID="904" />
	<item Id="585" name="1180" Icon="flag_247" severID="903" />
	<item Id="600" name="1181" Icon="flag_127" severID="902" />
	<item Id="634" name="1182" Icon="flag_151" severID="903" />
	<item Id="638" name="1183" Icon="flag_108" severID="0" />
	<item Id="642" name="1184" Icon="flag_66" severID="904" />
	<item Id="688" name="1185" Icon="flag_223" severID="904" />
	<item Id="643" name="1186" Icon="flag_30" severID="904" />
	<item Id="646" name="1187" Icon="flag_265" severID="0" />
	<item Id="670" name="1188" Icon="flag_259" severID="902" />
	<item Id="710" name="1189" Icon="flag_20" severID="0" />
	<item Id="882" name="1190" Icon="flag_199" severID="903" />
	<item Id="682" name="1191" Icon="flag_54" severID="903" />
	<item Id="666" name="1192" Icon="flag_25" severID="902" />
	<item Id="90" name="1193" Icon="flag_90" severID="903" />
	<item Id="690" name="1194" Icon="flag_193" severID="0" />
	<item Id="662" name="1195" Icon="flag_115" severID="902" />
	<item Id="659" name="1196" Icon="flag_145" severID="902" />
	<item Id="663" name="1197" Icon="flag_108" severID="902" />
	<item Id="702" name="1198" Icon="flag_103" severID="903" />
	<item Id="654" name="1199" Icon="flag_175" severID="0" />
	<item Id="705" name="1200" Icon="flag_95" severID="904" />
	<item Id="678" name="1201" Icon="flag_139" severID="0" />
	<item Id="703" name="1202" Icon="flag_3" severID="904" />
	<item Id="694" name="1203" Icon="flag_163" severID="0" />
	<item Id="674" name="1204" Icon="flag_169" severID="904" />
	<item Id="652" name="1205" Icon="flag_205" severID="902" />
	<item Id="686" name="1206" Icon="flag_252" severID="0" />
	<item Id="706" name="1207" Icon="flag_85" severID="0" />
	<item Id="724" name="1208" Icon="flag_53" severID="904" />
	<item Id="144" name="1209" Icon="flag_281" severID="903" />
	<item Id="740" name="1210" Icon="flag_221" severID="902" />
	<item Id="728" name="1211" Icon="flag_291" severID="0" />
	<item Id="729" name="1212" Icon="flag_251" severID="0" />
	<item Id="744" name="1213" Icon="flag_78" severID="904" />
	<item Id="534" name="1214" Icon="flag_60" severID="902" />
	<item Id="239" name="1215" Icon="flag_14" severID="902" />
	<item Id="760" name="1216" Icon="flag_77" severID="903" />
	<item Id="748" name="1217" Icon="flag_191" severID="0" />
	<item Id="752" name="1218" Icon="flag_161" severID="904" />
	<item Id="756" name="1219" Icon="flag_131" severID="904" />
	<item Id="796" name="1220" Icon="flag_29" severID="902" />
	<item Id="732" name="1221" Icon="flag_89" severID="0" />
	<item Id="768" name="1222" Icon="flag_125" severID="0" />
	<item Id="764" name="1223" Icon="flag_185" severID="903" />
	<item Id="762" name="1224" Icon="flag_275" severID="903" />
	<item Id="772" name="1225" Icon="flag_71" severID="903" />
	<item Id="626" name="1226" Icon="flag_186" severID="903" />
	<item Id="795" name="1227" Icon="flag_65" severID="903" />
	<item Id="788" name="1228" Icon="flag_179" severID="0" />
	<item Id="776" name="1229" Icon="flag_35" severID="903" />
	<item Id="792" name="1230" Icon="flag_149" severID="903" />
	<item Id="780" name="1231" Icon="flag_239" severID="902" />
	<item Id="798" name="1232" Icon="flag_233" severID="903" />
	<item Id="158" name="1233" Icon="flag_42" severID="903" />
	<item Id="834" name="1234" Icon="flag_245" severID="0" />
	<item Id="804" name="1235" Icon="flag_143" severID="904" />
	<item Id="800" name="1236" Icon="flag_173" severID="0" />
	<item Id="581" name="1237" Icon="flag_287" severID="902" />
	<item Id="840" name="1238" Icon="flag_287" severID="902" />
	<item Id="826" name="1239" Icon="flag_59" severID="904" />
	<item Id="858" name="1240" Icon="flag_257" severID="902" />
	<item Id="860" name="1241" Icon="flag_227" severID="903" />
	<item Id="862" name="1242" Icon="flag_137" severID="902" />
	<item Id="92" name="1243" Icon="flag_7" severID="902" />
	<item Id="850" name="1244" Icon="flag_99" severID="902" />
	<item Id="704" name="1245" Icon="flag_107" severID="903" />
	<item Id="548" name="1246" Icon="flag_197" severID="903" />
	<item Id="876" name="1247" Icon="flag_108" severID="903" />
	<item Id="887" name="1248" Icon="flag_47" severID="903" />
	<item Id="894" name="1249" Icon="flag_24" severID="0" />
	<item Id="716" name="1250" Icon="flag_18" severID="0" />
</Config>
