<?xml version="1.0" encoding="utf-8"?>
<config>
<!--食物表-->
<!--food为无尽模式-->
<food mapid="1001">
	<!--id:食物id size:半径大小 mapnum：大地图随机分布数量-->
	<!--id: 11小红点 12水 13大红点 21蘑菇 22红蘑菇 23蘑菇灌木 24荷叶 食物避开100-200-->
	<item id="11" type="11" size="0.24" mapnum="240"/>
	<item id="12" type="12" size="0.3" mapnum="200"/>
	<item id="13" type="11" size="0.36" mapnum="180"/>
	<item id="21" type="21" size="0.33" mapnum="230"/>
	<item id="22" type="21" size="0.4" mapnum="24"/>
	<item id="23" type="23" size="0.64" mapnum="24" hp="300">
		<child id="21" num="4" interval="10"/>
		<child id="22" num="1" interval="10"/>
	</item>
	<item id="24" type="21" size="0.68" mapnum="0"/>
</food>
<!--tfood为限时模式-->
<food mapid="1002">
	<!--id:食物id size:半径大小 mapnum：大地图随机分布数量-->
	<!--type: 11 食物；12 食物(锤子)； 13 食物(炸弹)； 21 动态障碍物（如名字可以叫木箱之类的）-->
    <!--type: 31 技能球(锤子)； 32 技能球(炸弹)；-->
	<item id="1" type="11" size="0.1" mapnum="400"/>
    <item id="2" type="12" size="0.25" mapnum="100"/>
    <item id="3" type="13" size="0.25" mapnum="100"/>
	<item id="4" type="14" size="0.25" mapnum="0"/>
    <item id="5" type="21" size="0.25" mapnum="200"/>
    <item id="31" type="31" size="0.2" mapnum="0"/>
    <item id="32" type="32" size="0.2" mapnum="0"/>
</food>
<food mapid="1003">
	<!--id:食物id size:半径大小 mapnum：大地图随机分布数量-->
	<!--id: 11小红点 12水 13大红点 21蘑菇 22红蘑菇 23蘑菇灌木 24荷叶-->
	<item id="12" type="12" size="0.3" mapnum="0"/>
	<item id="14" type="11" size="0.24" mapnum="240"/>
	<item id="15" type="11" size="0.36" mapnum="180"/>
	<item id="26" type="21" size="0.4" mapnum="240"/>
	<item id="27" type="21" size="0.52" mapnum="28"/>
	<item id="25" type="23" size="0.85" mapnum="27" hp="300">
		<child id="26" num="4" interval="10"/>
		<child id="27" num="1" interval="10"/>
	</item>
	<item id="28" type="21" size="0.75" mapnum="60"/>
</food>
<food mapid="1004">
	<!--id:食物id size:半径大小 mapnum：大地图随机分布数量-->
	<!--id: 11小红点 12水 13大红点 21蘑菇 22红蘑菇 23蘑菇灌木 24荷叶-->
	<item id="12" type="12" size="0.3" mapnum="0"/>
	<item id="14" type="11" size="0.24" mapnum="200"/>
	<item id="15" type="11" size="0.36" mapnum="150"/>
	<item id="26" type="21" size="0.4" mapnum="202"/>
	<item id="27" type="21" size="0.52" mapnum="24"/>
	<item id="25" type="23" size="0.85" mapnum="23" hp="300">
		<child id="26" num="4" interval="10"/>
		<child id="27" num="1" interval="10"/>
	</item>
	<item id="28" type="21" size="0.75" mapnum="60"/>
</food>
</config>