<?xml version="1.0" encoding="utf-8"?>
<!-- 编辑使用 XMLSpy v2006 U (http://www.altova.com) 由 any (any) -->
<!-- 全局配置 -->
<global>
	<!-- 房间配置:
		lasttime:	自由房间持续时间(秒)
		tlasttime:	组队房间时间
		ftgodcd:	自由/团战无敌时间
		hidetime:	复活隐身时间
		relivetime:	自动复活时间 
		rebornprotect: 出生保护时间
		upgradeprotect： 升级保护时间
	-->
	<!--troom限时模式 getNumMaxDay:每日通过游戏获取的小浆果数量上限-->
	<room playernum= "9" lasttime="9999999" tlasttime="720" robotmaxskins="7" speaktime="6" berryGetNumMaxDay="200" speakmoney="1" hideMatchScore="450" />
	<troom playernum= "9" lasttime="600" tlasttime="720" 	robotmaxskins="10" berryGetNumMaxDay="200" />
	<teamroom playernum= "9" lasttime="600" tlasttime="599" 	robotmaxskins="10" berryGetNumMaxDay="200" />
	<gameset wormholeWater="50"/>
	<ai>
		<initdata>
			<level id="1">
				<animal id="1"/>
			</level>
			<level id="2">
				<animal id="5"/>
			</level>
		</initdata>
		<behave>
			<bev id="1" aifile="mope_low.json"/>
			<bev id="2" aifile="mope.json"/>
			<bev id="3" aifile="mope_high.json"/>
			<bev id="4" aifile="barbarian.json"/>
		</behave>
		<sc2data>
			<data id="1"  min="0" max="99" speedrate="0.5"  initdata="1" behave="1,2,3,4" power="30,30,40,1000"/>
			<data id="2"  min="100" max="999" speedrate="0.8"  initdata="1" behave="1,2,3,4" power="30,30,40,1000"/>
			<data id="3"  min="1000" max="9999" speedrate="1"  initdata="2" behave="1,2,3,4" power="30,30,40,1000"/>
		</sc2data>
	</ai>
	
	<teamroomtree>
		<position>
			<pos id="1" x="50.97" y="87.7"/>
			<pos id="2" x="25.22" y="58.25"/>
			<pos id="3" x="76.7" y="59.5"/>
			<pos id="4" x="28.66" y="18.98"/>
			<pos id="5" x="81" y="16"/>
		</position>
	<!--begintime:第一次刷新时间 refreshtime:刷新间隔 refreshnum:刷新树数量 remindtime:提前X秒提示-->
		<tree begintime="120" refreshtime="180" refreshnum="3" remindtime="5">
			<level id="1" foodid="48"/>
			<level id="2" foodid="49"/>
			<level id="3" foodid="50"/>
		</tree>
	</teamroomtree>
	
	<!--技能杂项配置 ball_power:被击中作用力的大小 ball_stop:被击中作用力时间 shot_rate:子弹速度 ball_time:子弹停留时间 radardmg:雷达超声波伤害比率 rebounddmg:反弹伤害比率 cyclondmg:旋风伤害-->
	<skill hp_persec="20" dodge_pro="80" subdmg_pro="20" speed_pro="80" slowdown_pro="50" adddmg_pro="80" sprint_pro="10" ball_time="1000" banana_time="10000" body_num="3" ball_power="3" ball_stop="500" shot_rate="333" balldmg="50" costwater="10" ball_speed="3" radardmg="100" rebounddmg="50" cyclondmg="100"/>
	<!-- 分享配置 sharemoney分享获得的分享币 sharenum一天分享次数 viewmoney别人查看获得的分享币
	viewnum一天查看次数 weekaddnum每周查看加分次数 playmoney下载并进游戏获得的分享币 ipnum每个ip每周查看次数 wfenum,mfenum补领限制次数(周,月) -->
	<share sharemoney="0" sharenum="1" viewmoney="10" viewnum="5" weekaddnum="20" playmoney="50" ipnum="999999" wfenum="3" mfenum="999">
		<!-- min~max邀请玩家数 palynum加分玩的局数 level历史段位 eatnum吞噬球数 killnum吞噬人数 -->
		<item min="0" max="6" playnum="0" level="0" eatnum="0" killnum="0"/>
		<item min="7" max="10" playnum="1" level="0" eatnum="0" killnum="0"/>
		<item min="11" max="20" playnum="2" level="0" eatnum="0" killnum="0"/>
		<item min="21" max="50" playnum="3" level="0" eatnum="3" killnum="0"/>
		<item min="51" max="99999" playnum="6" level="0" eatnum="5" killnum="1"/>
	</share>
	<allmap>1</allmap>
	
	
	<!-- 匹配规则 -->
	<matchrules>
		<!-- 孢子双方加的分数 -->
		<spore score="20"/>
		<!-- 分身a分数值 -->
		<anode>
			<item min="0" max="1" score="100"/>
			<item min="2" max="3" score="20"/>
			<item min="4" max="9999" score="0"/>
		</anode>
		<!-- 分身u系数 -->
		<unode>
			<item min="0" max="1" coe="20"/>
			<item min="2" max="9999" coe="100"/>
		</unode>
		<!-- 自由模式隐藏分规则 coscore判定疑似合作的分数 coscore判定完全合作的分数 -->
		<hscores coscore="2000" coscore2="8000">
			<!-- level段位 basescore段位基础分 playscore1,playscore3,playscore3近三场的分数 coscore疑似合作分 coscore2完全合作分-->
			<item level="1" basescore="300" playscore1="0" playscore2="0" playscore3="0" coscore="0" coscore2="0"/>
			<item level="2" basescore="400" playscore1="0" playscore2="100" playscore3="100" coscore="0" coscore2="0"/>
			<item level="3" basescore="600" playscore1="0" playscore2="100" playscore3="100" coscore="0" coscore2="0"/>
			<item level="4" basescore="600" playscore1="0" playscore2="100" playscore3="100" coscore="100" coscore2="300"/>
			<item level="5" basescore="800" playscore1="0" playscore2="100" playscore3="200" coscore="100" coscore2="300"/>
			<item level="6" basescore="800" playscore1="100" playscore2="100" playscore3="200" coscore="100" coscore2="300"/>
			<item level="7" basescore="800" playscore1="100" playscore2="100" playscore3="200" coscore="100" coscore2="300"/>
			<item level="8" basescore="800" playscore1="100" playscore2="100" playscore3="200" coscore="100" coscore2="300"/>
			<item level="9" basescore="800" playscore1="100" playscore2="100" playscore3="200" coscore="100" coscore2="300"/>
			<item level="10" basescore="900" playscore1="100" playscore2="200" playscore3="300" coscore="100" coscore2="300"/>
			<item level="11" basescore="900" playscore1="100" playscore2="200" playscore3="300" coscore="100" coscore2="300"/>
			<item level="12" basescore="900" playscore1="100" playscore2="200" playscore3="300" coscore="100" coscore2="300"/>
		</hscores>
		<!-- 自由模式档位规则 maxlevel最大档位 -->
		<multilevel maxlevel="12">
			<!-- level档位 totalnum总人数 -->
			<item level="1" totalnum="1500"/>
			<item level="2" totalnum="3300"/>
			<item level="3" totalnum="5400"/>
			<item level="4" totalnum="7800"/>
			<item level="5" totalnum="10500"/>
			<item level="6" totalnum="13500"/>
			<item level="7" totalnum="21000"/>
			<item level="8" totalnum="24000"/>
			<item level="9" totalnum="27000"/>
			<item level="10" totalnum="30000"/>
			<item level="11" totalnum="33000"/>
		</multilevel>
		<!-- 匹配参数列表 tbase总表最低批次分数 tnum总表批次总数 cbase分表合作最低批次分数 cnum分表合作批次总数 ubase分表非合作最低批次分数 
		unum分表非合作批次总数 maxnum总表变分表的合作、非合作人数阈值 ctonc合作转非合作百分比 -->
		<matchrule tbase="300" tnum="25" cbase="300" cnum="25" ubase="300" unum="25" maxnum="500" ctonc="12"/>
		<!-- 团队模式隐藏分规则 -->
		<thscores>
			<!-- minscore,maxscore总星数范围 basescore段位基础分 playscore1,playscore3,playscore3近三场的分数 -->
			<item minscore="0" maxscore="3" basescore="400" playscore1="0" playscore2="50" playscore3="100"/>
			<item minscore="4" maxscore="7" basescore="500" playscore1="0" playscore2="50" playscore3="150"/>
			<item minscore="8" maxscore="10" basescore="550" playscore1="0" playscore2="100" playscore3="180"/>
			<item minscore="11" maxscore="13" basescore="600" playscore1="0" playscore2="150" playscore3="200"/>
			<item minscore="14" maxscore="16" basescore="650" playscore1="100" playscore2="200" playscore3="350"/>
			<item minscore="17" maxscore="19" basescore="700" playscore1="100" playscore2="200" playscore3="300"/>
			<item minscore="20" maxscore="22" basescore="1000" playscore1="150" playscore2="400" playscore3="500"/>
			<item minscore="23" maxscore="25" basescore="1050" playscore1="170" playscore2="405" playscore3="538"/>
			<item minscore="26" maxscore="28" basescore="1100" playscore1="185" playscore2="405" playscore3="572"/>
			<item minscore="29" maxscore="31" basescore="1150" playscore1="200" playscore2="400" playscore3="600"/>
			<item minscore="32" maxscore="34" basescore="1300" playscore1="150" playscore2="400" playscore3="700"/>
			<item minscore="35" maxscore="37" basescore="1305" playscore1="147" playscore2="392" playscore3="684"/>
			<item minscore="38" maxscore="39" basescore="1310" playscore1="144" playscore2="384" playscore3="668"/>
			<item minscore="40" maxscore="42" basescore="1315" playscore1="141" playscore2="376" playscore3="652"/>
			<item minscore="43" maxscore="45" basescore="1320" playscore1="138" playscore2="368" playscore3="636"/>
			<item minscore="46" maxscore="47" basescore="1325" playscore1="135" playscore2="360" playscore3="620"/>
			<item minscore="48" maxscore="50" basescore="1330" playscore1="132" playscore2="352" playscore3="604"/>
			<item minscore="51" maxscore="53" basescore="1335" playscore1="129" playscore2="344" playscore3="588"/>
			<item minscore="54" maxscore="55" basescore="1340" playscore1="126" playscore2="336" playscore3="572"/>
			<item minscore="56" maxscore="58" basescore="1345" playscore1="123" playscore2="328" playscore3="556"/>
			<item minscore="59" maxscore="61" basescore="1350" playscore1="120" playscore2="320" playscore3="540"/>
			<item minscore="62" maxscore="63" basescore="1355" playscore1="117" playscore2="312" playscore3="524"/>
			<item minscore="64" maxscore="66" basescore="1360" playscore1="114" playscore2="304" playscore3="508"/>
			<item minscore="67" maxscore="69" basescore="1365" playscore1="112" playscore2="297" playscore3="494"/>
			<item minscore="70" maxscore="71" basescore="1370" playscore1="110" playscore2="290" playscore3="480"/>
			<item minscore="72" maxscore="91" basescore="1375" playscore1="108" playscore2="283" playscore3="466"/>
			<item minscore="92" maxscore="146" basescore="1380" playscore1="106" playscore2="276" playscore3="452"/>
			<item minscore="147" maxscore="271" basescore="1385" playscore1="104" playscore2="269" playscore3="438"/>
			<item minscore="272" maxscore="571" basescore="1390" playscore1="102" playscore2="262" playscore3="424"/>
			<item minscore="572" maxscore="99999" basescore="1395" playscore1="100" playscore2="255" playscore3="410"/>
		</thscores>
		<!-- 团队模式档位规则 totalnum区分档位总人数 minnum每档最少人数 -->
		<tmultilevel totalnum="15000000" minnum="12000000">
			<!-- level档位 minscore,maxscore隐藏分范围 -->
			<item level="1" minscore="0" maxscore="499"/>
			<item level="2" minscore="500" maxscore="649"/>
			<item level="3" minscore="650" maxscore="999"/>
			<item level="4" minscore="1000" maxscore="1299"/>
			<item level="5" minscore="1300" maxscore="99999"/>
		</tmultilevel>
		<!-- 新手保护配置 -->
		<newbieprotect>
			<!-- level 进房间玩家当前段位 jminlevel被加入玩家的历史最高段位要求 -->
			<item level="1" jminlevel="0"/>
			<item level="2" jminlevel="0"/>
			<item level="3" jminlevel="0"/>
			<item level="4" jminlevel="0"/>
			<item level="5" jminlevel="0"/>
			<item level="6" jminlevel="0"/>
			<item level="7" jminlevel="0"/>
			<item level="8" jminlevel="0"/>
			<item level="9" jminlevel="0"/>
			<item level="10" jminlevel="0"/>
			<item level="11" jminlevel="0"/>
			<item level="12" jminlevel="0"/>
		</newbieprotect>
	</matchrules>

	<!-- 邀请配置:
		newbielevel新手等级 leaderlevel队长等级 minrank加小红花名次 flowers加的小红花数 playnum新手玩的最小次数
		dailyflowers得到每日奖励,每天增加的小红花数 dailyreward每日奖励
	-->
	<invite newbielevel="4" leaderlevel="5" minrank="3" flowers="1" playnum="3" dailyflowers="999999" dailyreward="100"/>
	<!-- 团战mvp配置 basescore基础值 eattime给主攻喂过孢子或分身的间隔 asscoe主攻吞噬球的系数 
    sparescore分身给队友吃得到的分数 subcoe被吃减的分数系数	subscore自己的孢子被其他队伍吃掉 -->
	<tmvp basescore="1000" eattime="7" asscoe="0.9" sparescore="10" subcoe="1.1" subscore="12"/>
	<battle>
		<!-- tnum战队数 wincoe,defeatcoe胜负对应的杯数系数 -->
		<bnodes tnum="2" wincoe="2" defeatcoe="1">
			<!-- 最终杯数的增量 -->
			<mnode>
				<!-- M=coe1*(Cteam1-Cteam2)+coe2 -->
				<item id="1" coe1="0.0154" t1="2" t2="1" coe2="10"/>
				<item id="2" coe1="0.0" t1="1" t2="1" coe2="0.0"/>
				<item id="3" coe1="0.0" t1="1" t2="1" coe2="0.0"/>
				<item id="4" coe1="0.0" t1="1" t2="1" coe2="0.0"/>
				<item id="5" coe1="0.0" t1="1" t2="1" coe2="0.0"/>
				<item id="6" coe1="0.0" t1="1" t2="1" coe2="0.0"/>
				<item id="7" coe1="0.0" t1="1" t2="1" coe2="0.0"/>
				<item id="8" coe1="0.0" t1="1" t2="1" coe2="0.0"/>
				<item id="9" coe1="0.0" t1="1" t2="1" coe2="0.0"/>
			</mnode>
			<!-- 各名次战队杯数增量 -->
			<dnode>
				<!-- D=max(int(M1+M2+M3),F)*P+E -->
				<item id="1" m1="1" m2="2" m3="3" p="1" e="1" f="3"/>
				<item id="2" m1="1" m2="4" m3="7" p="-1" e="-1" f="3"/>
			</dnode>
		</bnodes>
		<bnodes tnum="3" wincoe="2" defeatcoe="1">
			<!-- 最终杯数的增量 -->
			<mnode>
				<!-- M=coe1*(Cteam1-Cteam2)+coe2 -->
				<item id="1" coe1="0.006545" t1="2" t2="1" coe2="4.25"/>
				<item id="2" coe1="0.012705" t1="3" t2="1" coe2="8.25"/>
				<item id="3" coe1="0.0" t1="1" t2="1" coe2="0.0"/>
				<item id="4" coe1="0.0" t1="1" t2="1" coe2="0.0"/>
				<item id="5" coe1="0.0" t1="1" t2="1" coe2="0.0"/>
				<item id="6" coe1="0.0" t1="1" t2="1" coe2="0.0"/>
				<item id="7" coe1="0.0" t1="1" t2="1" coe2="0.0"/>
				<item id="8" coe1="0.0" t1="1" t2="1" coe2="0.0"/>
				<item id="9" coe1="0.0" t1="1" t2="1" coe2="0.0"/>
			</mnode>
			<!-- 各名次战队杯数增量 -->
			<dnode>
				<!-- D=(int(M1+M2+M3))*P+E -->
				<item id="1" m1="1" m2="2" m3="3" p="1" e="1" f="3"/>
				<item id="2" m1="1" m2="4" m3="7" p="-1" e="-1" f="2"/>
				<item id="3" m1="2" m2="5" m3="8" p="-1" e="-1" f="3"/>
			</dnode>
		</bnodes>
		<bnodes tnum="4" wincoe="2" defeatcoe="1">
			<!-- 最终杯数的增量 -->
			<mnode>
				<!-- M=coe1*(Cteam1-Cteam2)+coe2 -->
				<item id="1" coe1="0.0077" t1="3" t2="1" coe2="5.0"/>
				<item id="2" coe1="0.0154" t1="4" t2="1" coe2="10.0"/>
				<item id="3" coe1="0.0" t1="1" t2="1" coe2="0.0"/>
				<item id="4" coe1="0.00385" t1="3" t2="2" coe2="2.5"/>
				<item id="5" coe1="0.0077" t1="4" t2="2" coe2="5"/>
				<item id="6" coe1="0.0" t1="1" t2="1" coe2="0.0"/>
				<item id="7" coe1="0.0" t1="1" t2="1" coe2="0.0"/>
				<item id="8" coe1="0.0" t1="1" t2="1" coe2="0.0"/>
				<item id="9" coe1="0.0" t1="1" t2="1" coe2="0.0"/>
			</mnode>
			<!-- 各名次战队杯数增量 -->
			<dnode>
				<!-- D=(int(M1+M2+M3))*P+E -->
				<item id="1" m1="1" m2="2" m3="3" p="1" e="1" f="3"/>
				<item id="2" m1="4" m2="5" m3="6" p="1" e="1" f="2"/>
				<item id="3" m1="1" m2="4" m3="7" p="-1" e="-1" f="2"/>
				<item id="4" m1="2" m2="5" m3="8" p="-1" e="-1" f="3"/>
			</dnode>
		</bnodes>
		<bnodes tnum="5" wincoe="2" defeatcoe="1">
			<mnode>
				<item id="1" coe1="0.00539" t1="3" t2="1" coe2="3.5"/>
				<item id="2" coe1="0.00847" t1="4" t2="1" coe2="5.5"/>
				<item id="3" coe1="0.01694" t1="5" t2="1" coe2="11"/>
				<item id="4" coe1="0.002695" t1="3" t2="2" coe2="1.75"/>
				<item id="5" coe1="0.004235" t1="4" t2="2" coe2="2.75"/>
				<item id="6" coe1="0.00847" t1="5" t2="2" coe2="5.5"/>
				<item id="7" coe1="0.0" t1="1" t2="1" coe2="0.0"/>
				<item id="8" coe1="0.0" t1="1" t2="1" coe2="0.0"/>
				<item id="9" coe1="0.0" t1="1" t2="1" coe2="0.0"/>
			</mnode>
			<dnode>
				<item id="1" m1="1" m2="2" m3="3" p="1" e="1" f="3"/>
				<item id="2" m1="4" m2="5" m3="6" p="1" e="1" f="2"/>
				<item id="3" m1="1" m2="4" m3="7" p="-1" e="-1" f="2"/>
				<item id="4" m1="2" m2="5" m3="8" p="-1" e="-1" f="2"/>
				<item id="5" m1="3" m2="6" m3="9" p="-1" e="-1" f="3"/>
			</dnode>
		</bnodes>
		<bnodes tnum="6" wincoe="2" defeatcoe="1">
			<mnode>
				<item id="1" coe1="0.005775" t1="4" t2="1" coe2="3.75"/>
				<item id="2" coe1="0.009625" t1="5" t2="1" coe2="6.25"/>
				<item id="3" coe1="0.0231" t1="6" t2="1" coe2="15"/>
				<item id="4" coe1="0.00385" t1="4" t2="2" coe2="2.5"/>
				<item id="5" coe1="0.005775" t1="5" t2="2" coe2="3.75"/>
				<item id="6" coe1="0.009625" t1="6" t2="2" coe2="6.25"/>
				<item id="7" coe1="0.0" t1="4" t2="3" coe2="0.0"/>
				<item id="8" coe1="0.00385" t1="5" t2="3" coe2="2.5"/>
				<item id="9" coe1="0.005775" t1="6" t2="3" coe2="3.75"/>
			</mnode>
			<dnode>
				<item id="1" m1="1" m2="2" m3="3" p="1" e="1" f="3"/>
				<item id="2" m1="4" m2="5" m3="6" p="1" e="1" f="2"/>
				<item id="3" m1="7" m2="8" m3="9" p="1" e="1" f="2"/>
				<item id="4" m1="1" m2="4" m3="7" p="-1" e="-1" f="2"/>
				<item id="5" m1="2" m2="5" m3="8" p="-1" e="-1" f="2"/>
				<item id="6" m1="3" m2="6" m3="9" p="-1" e="-1" f="3"/>
			</dnode>
		</bnodes>
	</battle>
</global>
