<?xml version="1.0" encoding="utf-8"?>
<config>
<!--经验升级表-->
<!--每存活surviveinterval秒增加dexp经验-->
<!--showTime 显示时间 格式 毫秒 1000 = 1秒 -->
<!--level为无尽模式-->
<level mapid="1001" surviveinterval="5" dexp="1" showTime="15000">
	<!--id 1：兔子 2：狐狸 3：斑马-->
	<!--nextexp为累计值 tips提示-->
	<!--protectlevel为保护等级 小于等于protectlevel动物不能吃（尾巴也不能）-->
	<!--layer 层级  1000 绿山 2000 大红点和大蓝点 500 地洞-->
	<!--newEat 新增吃的 1:动物类型，2:食物类型 格式 1,1|1,2|2,11|2,22 -->
	<item id="1" animalname="兔子" nextexp="50" tips="兔子\n可以吃红色圆形浆果升级\n挖洞：按住将自己藏在洞中" protectlevel="0" layer="501" newEat="2,11" hp="100" attack="20" deadpro="50"/>
	<item id="2" animalname="狐狸" nextexp="200" tips="狐狸\n可以吃绿色边框的食物\n灵动：使用后窜出一段距离" protectlevel="0" layer="511" newEat="1,1|2,11" hp="100" attack="20" deadpro="50"/>
	<item id="3" animalname="猪" nextexp="800" tips="猪\n在泥里能滑的飞快\n加血：使用后持续增加生命值" protectlevel="0" layer="521" newEat="1,2|2,21" hp="100" attack="20" deadpro="50"/>
	<item id="4" animalname="猴子" nextexp="2000" tips="猴子\n可以穿越浆果丛和绿山\n香蕉皮：踩中后会滑到" protectlevel="0" layer="1004" newEat="1,3" hp="100" attack="20" deadpro="50"/>
	<item id="5" animalname="穿山甲" nextexp="4500" tips="穿山甲\n可以采食红蘑菇\n钻地：按住钻入地下" protectlevel="0" layer="1010" newEat="1,4|2,22" hp="100" attack="20" deadpro="50"/>
	<item id="6" animalname="斑马" nextexp="15000" tips="斑马\n人美腿长，能在湖里快速行走\n闪避：使用后高概率闪避攻击" protectlevel="1" layer="1020" newEat="1,5|2,24|2,23" hp="100" attack="20" deadpro="50"/>	
	<item id="7" animalname="河马" nextexp="40000" tips="河马\n在湖里和泥里速度极快\n石化：使用后受到伤害降低" protectlevel="2" layer="1030" newEat="1,6" hp="100" attack="20" deadpro="50"/>
	<item id="8" animalname="猎豹" nextexp="80000" tips="猎豹\n在陆地上的奔跑速度极快\n加速：使用后移动速度提高" protectlevel="3" layer="1040" newEat="1,7" hp="100" attack="20" deadpro="50"/>
	<item id="9" animalname="鳄鱼" nextexp="160000" tips="鳄鱼\n可在湖里和泥里飞速爬行\n伪装：按住伪装成植物" protectlevel="4" layer="1050" newEat="1,8" hp="100" attack="20" deadpro="50"/>
	<item id="10" animalname="犀牛" nextexp="260000" tips="犀牛\n可轻松跨过绿山\n冲撞：使用后快速冲撞敌人" protectlevel="4" layer="1060" newEat="1,9" hp="100" attack="20" deadpro="50"/>
	<item id="11" animalname="狮子" nextexp="460000" tips="狮子\n在陆地上的奔跑速度极快\n狮吼：使用后伤害提升" protectlevel="5" layer="1070" newEat="1,10" hp="100" attack="20" deadpro="50"/>
	<item id="12" animalname="大象" nextexp="9999999" tips="大象\n身形笨重，但可跨越所有地形\n喷水：击中后造成伤害并击退" protectlevel="5" layer="1080" newEat="1,11" hp="100" attack="20" deadpro="50"/>
	<item id="13" animalname="大熊猫" nextexp="99999999" tips="大熊猫\n中国国宝，卖萌无敌\n" protectlevel="5" layer="1090" newEat="1,12" hp="100" attack="20" deadpro="50"/>
</level>
<!--tlevel为限时模式-->
<level mapid="1002" surviveinterval="5" dexp="1" showTime="15000">
	<!--id 1：兔子 2：狐狸 3：斑马-->
	<!--nextexp为累计值 tips提示-->
	<!--protectlevel为保护等级 小于等于protectlevel动物不能吃（尾巴也不能）-->
	<!--layer 层级  1000 绿山 2000 大红点和大蓝点 500 地洞-->
	<!--newEat 新增吃的 1:动物类型，2:食物类型 格式 1,1|1,2|2,11|2,22 -->
	<!-- 死亡后经验掉到几级 0：当前等级 其它：指定等级-->
	<item id="1" animalname="兔子" nextexp="5" tips="兔子\n可以吃红色圆形浆果升级\n挖洞：按住将自己藏在洞中" protectlevel="0" layer="501" newEat="2,11" hp="100" attack="20" deadpro="0"/>
	<item id="2" animalname="狐狸" nextexp="20" tips="狐狸\n可以吃绿色边框的食物\n灵动：使用后窜出一段距离" protectlevel="0" layer="511" newEat="1,1|2,11" hp="100" attack="20" deadpro="0"/>
	<item id="3" animalname="猪" nextexp="40" tips="猪\n在泥里能滑的飞快\n加血：使用后持续增加生命值" protectlevel="0" layer="521" newEat="1,2|2,21" hp="100" attack="20" deadpro="0"/>
	<item id="4" animalname="猴子" nextexp="60" tips="猴子\n可以穿越浆果丛和绿山\n香蕉皮：踩中后会滑到" protectlevel="0" layer="1004" newEat="1,3" hp="100" attack="20" deadpro="0"/>
	<item id="5" animalname="穿山甲" nextexp="80" tips="穿山甲\n可以钻进所有地洞\n钻地：按住钻入地下" protectlevel="0" layer="1010" newEat="1,4|2,22" hp="100" attack="20" deadpro="0"/>
	<item id="6" animalname="斑马" nextexp="100" tips="斑马\n人美腿长，能在湖里快速行走\n闪避：使用后高概率闪避攻击" protectlevel="1" layer="1020" newEat="1,5|2,24|2,23" hp="100" attack="20" deadpro="5"/>	
	<item id="7" animalname="河马" nextexp="120" tips="河马\n在湖里和泥里速度极快\n石化：使用后受到伤害降低" protectlevel="2" layer="1030" newEat="1,6" hp="100" attack="20" deadpro="5"/>
	<item id="8" animalname="猎豹" nextexp="140" tips="猎豹\n在陆地上的奔跑速度极快\n加速：使用后移动速度提高" protectlevel="3" layer="1040" newEat="1,7" hp="100" attack="20" deadpro="5"/>
	<item id="9" animalname="鳄鱼" nextexp="160" tips="鳄鱼\n可在湖里和泥里飞速爬行\n伪装：按住伪装成植物" protectlevel="4" layer="1050" newEat="1,8" hp="100" attack="20" deadpro="5"/>
	<item id="10" animalname="犀牛" nextexp="180" tips="犀牛\n可轻松跨过绿山\n冲撞：使用后快速冲撞敌人" protectlevel="4" layer="1060" newEat="1,9" hp="100" attack="20" deadpro="5"/>
	<item id="11" animalname="狮子" nextexp="200" tips="狮子\n在陆地上的奔跑速度极快\n狮吼：使用后伤害提升" protectlevel="5" layer="1070" newEat="1,10" hp="100" attack="20" deadpro="5"/>
	<item id="12" animalname="大象" nextexp="220" tips="大象\n身形笨重，但可跨越所有地形\n喷水：击中后造成伤害并击退" protectlevel="5" layer="1080" newEat="1,11" hp="100" attack="20" deadpro="5"/>
	<item id="13" animalname="大熊猫" nextexp="240" tips="大熊猫\n中国国宝，卖萌无敌" protectlevel="5" layer="1090" newEat="1,12" hp="100" attack="20" deadpro="50"/>
</level>
<level mapid="1003" surviveinterval="5" dexp="1" showTime="15000">
	<!--id 1：兔子 2：狐狸 3：斑马-->
	<!--nextexp为累计值 tips提示-->
	<!--protectlevel为保护等级 小于等于protectlevel动物不能吃（尾巴也不能）-->
	<!--layer 层级  1000 绿山 2000 大红点和大蓝点 500 地洞-->
	<!--newEat 新增吃的 1:动物类型，2:食物类型 格式 1,1|1,2|2,11|2,22 -->
	<item id="1001" animalname="小丑鱼" nextexp="50" tips="兔子\n可以吃红色圆形浆果升级\n挖洞：按住将自己藏在洞中" protectlevel="0" layer="501" newEat="2,14" hp="100" attack="20" deadpro="50"/>
	<item id="1002" animalname="螃蟹" nextexp="200" tips="狐狸\n可以吃绿色边框的食物\n灵动：使用后窜出一段距离" protectlevel="0" layer="1002" newEat="1,1001|2,14" hp="100" attack="20" deadpro="50"/>
	<item id="1003" animalname="乌贼" nextexp="800" tips="猪\n在泥里能滑的飞快\n加血：使用后持续增加生命值" protectlevel="0" layer="1003" newEat="1,1002|2,26" hp="100" attack="20" deadpro="50"/>
	<item id="1004" animalname="海马" nextexp="2000" tips="猴子\n可以穿越浆果丛和绿山\n香蕉皮：踩中后会滑到" protectlevel="0" layer="1004" newEat="1,1003" hp="100" attack="20" deadpro="50"/>
	<item id="1005" animalname="水母" nextexp="4500" tips="穿山甲\n可以采食红蘑菇\n钻地：按住钻入地下" protectlevel="0" layer="1010" newEat="1,1004|2,27" hp="100" attack="20" deadpro="50"/>
	<item id="1006" animalname="海龟" nextexp="15000" tips="斑马\n人美腿长，能在湖里快速行走\n闪避：使用后高概率闪避攻击" protectlevel="1001" layer="1020" newEat="1,1005|2,28|2,25" hp="100" attack="20" deadpro="50"/>	
	<item id="1007" animalname="河豚" nextexp="40000" tips="河马\n在湖里和泥里速度极快\n石化：使用后受到伤害降低" protectlevel="1002" layer="1030" newEat="1,1006" hp="100" attack="20" deadpro="50"/>
	<item id="1008" animalname="剑鱼" nextexp="80000" tips="猎豹\n在陆地上的奔跑速度极快\n加速：使用后移动速度提高" protectlevel="1003" layer="1040" newEat="1,1007" hp="100" attack="20" deadpro="50"/>
	<item id="1009" animalname="魔鬼鱼" nextexp="160000" tips="鳄鱼\n可在湖里和泥里飞速爬行\n伪装：按住伪装成植物" protectlevel="1004" layer="1050" newEat="1,1008" hp="100" attack="20" deadpro="50"/>
	<item id="1010" animalname="海豚" nextexp="260000" tips="犀牛\n可轻松跨过绿山\n冲撞：使用后快速冲撞敌人" protectlevel="1004" layer="1060" newEat="1,1009" hp="100" attack="20" deadpro="50"/>
	<item id="1011" animalname="鲨鱼" nextexp="460000" tips="狮子\n在陆地上的奔跑速度极快\n狮吼：使用后伤害提升" protectlevel="1005" layer="1070" newEat="1,1010" hp="100" attack="20" deadpro="50"/>
	<item id="1012" animalname="鲸鱼" nextexp="9999999" tips="大象\n身形笨重，但可跨越所有地形\n喷水：击中后造成伤害并击退" protectlevel="1005" layer="1080" newEat="1,1011" hp="100" attack="20" deadpro="50"/>
	<item id="1013" animalname="美人鱼" nextexp="99999999" tips="大熊猫\n中国国宝，卖萌无敌\n" protectlevel="1005" layer="1090" newEat="1,1012" hp="100" attack="20" deadpro="50"/>
</level>
<level mapid="1004" surviveinterval="5" dexp="1" showTime="15000">
	<!--id 1：兔子 2：狐狸 3：斑马-->
	<!--nextexp为累计值 tips提示-->
	<!--protectlevel为保护等级 小于等于protectlevel动物不能吃（尾巴也不能）-->
	<!--layer 层级  1000 绿山 2000 大红点和大蓝点 500 地洞-->
	<!--newEat 新增吃的 1:动物类型，2:食物类型 格式 1,1|1,2|2,11|2,22 -->
	<item id="1001" animalname="小丑鱼" nextexp="50" tips="兔子\n可以吃红色圆形浆果升级\n挖洞：按住将自己藏在洞中" protectlevel="0" layer="501" newEat="2,14" hp="100" attack="20" deadpro="50"/>
	<item id="1002" animalname="螃蟹" nextexp="200" tips="狐狸\n可以吃绿色边框的食物\n灵动：使用后窜出一段距离" protectlevel="0" layer="1002" newEat="1,1001|2,14" hp="100" attack="20" deadpro="50"/>
	<item id="1003" animalname="乌贼" nextexp="700" tips="猪\n在泥里能滑的飞快\n加血：使用后持续增加生命值" protectlevel="0" layer="1003" newEat="1,1002|2,26" hp="100" attack="20" deadpro="50"/>
	<item id="1004" animalname="海马" nextexp="1800" tips="猴子\n可以穿越浆果丛和绿山\n香蕉皮：踩中后会滑到" protectlevel="0" layer="1004" newEat="1,1003" hp="100" attack="20" deadpro="50"/>
	<item id="1005" animalname="水母" nextexp="3200" tips="穿山甲\n可以钻进所有地洞\n钻地：按住钻入地下" protectlevel="0" layer="1010" newEat="1,1004|2,27" hp="100" attack="20" deadpro="50"/>
	<item id="1006" animalname="海龟" nextexp="10000" tips="斑马\n人美腿长，能在湖里快速行走\n闪避：使用后高概率闪避攻击" protectlevel="1001" layer="1020" newEat="1,1005|2,28|2,25" hp="100" attack="20" deadpro="50"/>	
	<item id="1007" animalname="河豚" nextexp="20000" tips="河马\n在湖里和泥里速度极快\n石化：使用后受到伤害降低" protectlevel="1002" layer="1030" newEat="1,1006" hp="100" attack="20" deadpro="50"/>
	<item id="1008" animalname="剑鱼" nextexp="36000" tips="猎豹\n在陆地上的奔跑速度极快\n加速：使用后移动速度提高" protectlevel="1003" layer="1040" newEat="1,1007" hp="100" attack="20" deadpro="50"/>
	<item id="1009" animalname="魔鬼鱼" nextexp="60000" tips="鳄鱼\n可在湖里和泥里飞速爬行\n伪装：按住伪装成植物" protectlevel="1004" layer="1050" newEat="1,1008" hp="100" attack="20" deadpro="50"/>
	<item id="1010" animalname="海豚" nextexp="100000" tips="犀牛\n可轻松跨过绿山\n冲撞：使用后快速冲撞敌人" protectlevel="1004" layer="1060" newEat="1,1009" hp="100" attack="20" deadpro="50"/>
	<item id="1011" animalname="鲨鱼" nextexp="180000" tips="狮子\n在陆地上的奔跑速度极快\n狮吼：使用后伤害提升" protectlevel="1005" layer="1070" newEat="1,1010" hp="100" attack="20" deadpro="50"/>
	<item id="1012" animalname="鲸鱼" nextexp="9999999" tips="大象\n身形笨重，但可跨越所有地形\n喷水：击中后造成伤害并击退" protectlevel="1005" layer="1080" newEat="1,1011" hp="100" attack="20" deadpro="50"/>
	<item id="1013" animalname="美人鱼" nextexp="99999999" tips="大熊猫\n中国国宝，卖萌无敌" protectlevel="1005" layer="1090" newEat="1,1012" hp="100" attack="20" deadpro="50"/>
</level>
</config>