<?xml version="1.0" encoding="utf-8"?>
<!-- 编辑使用 XMLSpy v2006 U (http://www.altova.com) 由 any (any) -->
<!-- 全局配置 -->
<config>
		<!--model:	UserModelFree   = 0 // 自由模式  	UserModelQuick  = 5 // 闪电战模式-->
		<scene id="1001" model="0" ftgodcd="2" hidetime="5" relivetime="10" robotnum="0" robotExpHigh="0" robotExpLow="1" rebornprotect="5" upgradeprotect="3" anim="1" ai="mope.json">
			<!--食物圈-->
			<foodpoint objtype="4">
				<food id="11" num="20" interval="1.5"/>
				<food id="13" num="20" interval="1.5"/>
			</foodpoint>
			<!--水圈-->
			<foodpoint objtype="5">
				<food id="12" num="40" interval="1.5"/>
			</foodpoint>
			<deadfod>
				<food id="1" foodid="22"/>
				<food id="2" foodid="21"/>
				<food id="3" foodid="13"/>
				<food id="4" foodid="12"/>
			</deadfod>
		</scene>
		<scene id="1002" model="5" ftgodcd="2" hidetime="5" relivetime="10" robotnum="0" rebornprotect="5" upgradeprotect="3" anim="1" ai="mope.json">
			<!--食物圈-->
			<foodpoint objtype="4">
				<food id="11" num="20" interval="1.5"/>
				<!--<food id="13" num="20" interval="1.5"/>-->
			</foodpoint>
			<!--水圈-->
			<foodpoint objtype="5">
				<food id="12" num="40" interval="1.5"/>
			</foodpoint>
			<deadfod>
				<food id="1" foodid="22"/>
				<food id="2" foodid="21"/>
				<food id="3" foodid="13"/>
				<food id="4" foodid="12"/>
			</deadfod>
		</scene>
		<scene id="1003"   model="0" ftgodcd="2" hidetime="5" relivetime="10" robotnum="0" robotExpHigh="0" robotExpLow="1" rebornprotect="5" upgradeprotect="3" anim="1001" ai="mope.json">
			<!--食物圈-->
			<foodpoint objtype="4">
				<food id="14" num="20" interval="1.5"/>
				<food id="15" num="20" interval="1.5"/>
			</foodpoint>
			<!--水圈-->
			<foodpoint objtype="5">
				<food id="12" num="40" interval="1.5"/>
			</foodpoint>
			<deadfod>
				<food id="1" foodid="27"/>
				<food id="2" foodid="26"/>
				<food id="3" foodid="15"/>
				<food id="4" foodid="14"/>
			</deadfod>
		</scene>
		<scene id="1004" model="5" ftgodcd="2" hidetime="5" relivetime="10" robotnum="0" rebornprotect="5" upgradeprotect="3" anim="1001" ai="mope.json">
			<!--食物圈-->
			<foodpoint objtype="4">
				<food id="14" num="20" interval="1.5"/>
				<food id="15" num="20" interval="1.5"/>
			</foodpoint>
			<!--水圈-->
			<foodpoint objtype="5">
				<food id="12" num="40" interval="1.5"/>
			</foodpoint>
			<deadfod>
				<food id="1" foodid="27"/>
				<food id="2" foodid="26"/>
				<food id="3" foodid="15"/>
				<food id="4" foodid="14"/>
			</deadfod>
		</scene>
</config>
