﻿<?xml version="1.0" encoding="utf-8"?>
<config>
	<!-- 0 剑士, 1 法师 -->
	<!-- radius:角色半径, base_hp: 初始血量, base_atk: 初始攻击, base_movespd: 初始移动速度 pickradius:拾取半径-->
	<born career="1000" radius="32.0" pickradius="40" level="1"/>
	<carrer>
		<item ID="1000" name="剑士" skill="100101" />
		<item ID="2000" name="法师" skill="200101" />
		<item ID="3000" name="萨满" skill="300101" />
	</carrer>
	<!-- kAddMul: 将半径跟攻击距离放大到初始值的kAddMull倍 -->
	<carrer_level>
		<level lvl="1" hp="3" atk="1" movespd="280" need_gold="6" kAddMul="1" />
		<level lvl="2" hp="3" atk="1" movespd="260" need_gold="14" kAddMul="1.2" />
		<level lvl="3" hp="3" atk="1" movespd="240" need_gold="24" kAddMul="1.4" />
		<level lvl="4" hp="4" atk="1" movespd="220" need_gold="38" kAddMul="1.6" />
		<level lvl="5" hp="4" atk="1" movespd="200" need_gold="54" kAddMul="1.8" />
		<level lvl="6" hp="4" atk="1" movespd="180" need_gold="81" kAddMul="2" />
		<level lvl="7" hp="5" atk="1" movespd="160" need_gold="114" kAddMul="2.2" />
		<level lvl="8" hp="5" atk="1" movespd="140" need_gold="159" kAddMul="2.4" />
		<level lvl="9" hp="5" atk="1" movespd="120" need_gold="218" kAddMul="2.6" />
		<level lvl="10" hp="5" atk="1" movespd="100" need_gold="9999999" kAddMul="3" />
	</carrer_level>
	
	<!-- hp:boss血量, bossRadius:boss半径 warnDis:boss警戒范围, intervalCd:最后一次普攻与大招技能间隔时间(含普攻cd), bornX,bornZ:出生点, bossGold:掉落金币数量, drops:道具id:道具数量:掉落概率 minAtk-maxAtk:随机普通次数 -->
	<boss hp="35" bossRadius="240" warnDis="600" intervalCd="3.3" bornX="1713.0" bornZ="1724.0" bossGold="240" drops="1002;1:0,2:0,3:0|1011;1:0,2:0,3:0" minAtk="3" maxAtk="5" />

	<!-- 随机出生点 坐标位置填格子号(范围 1-44)  init_camp0_pos 阵营0首次出生点, init_camp1_X 阵营1首次出生点 0是蓝方，1是红方-->
	<born_pos init_camp0_pos="31;17|31;18|32;17|32;18" init_camp1_pos="1;17|1;18|2;17|2;18" >
<item id="1" posx= "4" posz="31" />
<item id="2" posx= "13" posz="31" />
<item id="3" posx= "20" posz="31" />
<item id="4" posx= "29" posz="31" />
<item id="5" posx= "3" posz="24" />
<item id="6" posx= "30" posz="24" />
<item id="7" posx= "3" posz="5" />
<item id="8" posx= "13" posz="5" />
<item id="9" posx= "20" posz="5" />
<item id="10" posx= "30" posz="5" />
<item id="11" posx= "3" posz="10" />
<item id="12" posx= "30" posz="10" />
	</born_pos>
</config>