﻿<?xml version="1.0" encoding="utf-8"?>
<!-- kind:种类id; order:层级; itemid:售卖道具id, itemnum:售卖道具数量, cost_money_id:花费的蘑菇id, cost_money_num:花费的蘑菇数量 -->
<config>	
		<skins kind="101" name="饰品" order="2">
			<item idx="1" valid="1"  itemid="101001" itemnum="1" cost_money_id="2001" cost_money_num="120" itemname="摇滚耳机" itemdetail="鲜红色的摇滚耳机，用它来听音乐不要太劲爆"/>
			<item idx="2" valid="1" itemid="101002" itemnum="1" cost_money_id="2001" cost_money_num="60" itemname="夏威夷墨镜" itemdetail="去夏威夷的沙滩晒太阳，这款墨镜是必备品哦"/>
			<item idx="12" valid="1" itemid="101012" itemnum="1" cost_money_id="2001" cost_money_num="120" itemname="绅士墨镜" itemdetail="据说所有的绅士都会带上这款墨镜出门"/>
			<item idx="3" valid="1" itemid="101003" itemnum="1" cost_money_id="2001" cost_money_num="120" itemname="冬日棉帽" itemdetail="在下雪的冬天，带上这款帽子一点都不冷哦"/>
			<item idx="4" valid="1" itemid="101004" itemnum="1" cost_money_id="2001" cost_money_num="60" itemname="点点蝴蝶结" itemdetail="带上点点蝴蝶结，就会变成萌妹子哦"/>
			<item idx="5" valid="1" itemid="101005" itemnum="1" cost_money_id="2001" cost_money_num="150" itemname="丛林王冠" itemdetail="这闪闪发光的王冠，可是王者的象征"/>
			<item idx="6" valid="1" itemid="101006" itemnum="1" cost_money_id="2001" cost_money_num="200" itemname="蝴蝶之翼" itemdetail="白色蝴蝶的翅膀"/>
			<item idx="7" valid="1" itemid="101007" itemnum="1" cost_money_id="2001" cost_money_num="300" itemname="粉红之翼" itemdetail="粉红色的翅膀"/>
			<item idx="8" valid="1" itemid="101008" itemnum="1" cost_money_id="2001" cost_money_num="300" itemname="恶魔之翼" itemdetail="恶魔的翅膀"/>
			<item idx="9" valid="1" itemid="101009" itemnum="1" cost_money_id="2001" cost_money_num="200" itemname="蝙蝠之翼" itemdetail="蝙蝠的翅膀"/>
			<item idx="11" valid="1" itemid="101011" itemnum="1" cost_money_id="2002" cost_money_num="550" itemname="夏威夷遮阳帽" itemdetail="夏威夷旅游必备品"/>
			<item idx="13" valid="1" itemid="101013" itemnum="1" cost_money_id="2002" cost_money_num="700" itemname="乔巴草帽" itemdetail="带上这款草帽，你就是海贼王"/>
			<item idx="14" valid="1" itemid="101014" itemnum="1" cost_money_id="2002" cost_money_num="700" itemname="嘻哈鸭舌帽" itemdetail="浓浓的嘻哈风，从带上鸭舌帽开始"/>
		</skins>
		
		<skins kind="102" name="背包" order="1">
		    <item idx="5" valid="1" itemid="102005" itemnum="1" cost_money_id="2001" cost_money_num="210" itemname="什么背包" itemdetail="怎么描述"/>
			<item idx="2" valid="1" itemid="102002" itemnum="1" cost_money_id="2001" cost_money_num="250" itemname="什么背包" itemdetail="怎么描述"/>
			<item idx="3" valid="1" itemid="102003" itemnum="1" cost_money_id="2001" cost_money_num="320" itemname="乔巴背包" itemdetail="想要成为海贼王的男人，从背上乔巴背包开始"/>
			<item idx="6" valid="1" itemid="102006" itemnum="1" cost_money_id="2001" cost_money_num="320" itemname="什么背包" itemdetail="怎么描述"/>
			<item idx="1" valid="1" itemid="102001" itemnum="1" cost_money_id="2002" cost_money_num="1000" itemname="绿熊背包" itemdetail="怎么描述"/>
			<item idx="4" valid="1" itemid="102004" itemnum="1" cost_money_id="2002" cost_money_num="1200" itemname="可达鸭背包" itemdetail="背上这个背包，走到哪，尬舞到哪"/>
		</skins>
	
		<skins kind="103" name="光环" order="1">
			<item idx="1" valid="0" itemid="103001" itemnum="1" cost_money_id="2001" cost_money_num="200" itemname="光环一" itemdetail="暂时找个饰品形象放上，点击提示尽请期待"/>
			<item idx="2" valid="0" itemid="103002" itemnum="1" cost_money_id="2001" cost_money_num="300" itemname="光环二" itemdetail="暂时找个饰品形象放上，点击提示尽请期待"/>
		</skins>
		<!--
		<skins kind="104" name="拖尾">
			<item idx="1"  itemid="104001" itemnum="1" cost_money_id="2001" cost_money_num="50" itemname="..." itemdetail="..."/>
			<item idx="10" valid="0" itemid="101010" itemnum="1" cost_money_id="2001" cost_money_num="200" itemname="特效翅膀" itemdetail="特效翅膀先不上"/> 
			<item idx="2"  itemid="104002" itemnum="1" cost_money_id="2001" cost_money_num="50" itemname="..." itemdetail="..."/>
			<item idx="3"  itemid="104003" itemnum="1" cost_money_id="2001" cost_money_num="50" itemname="..." itemdetail="..."/>
		</skins>
		
		<skins kind="105" name="头街">
			<item idx="1"  itemid="105001" itemnum="1" cost_money_id="2001" cost_money_num="50" itemname="..." itemdetail="..."/>
			<item idx="2"  itemid="105002" itemnum="1" cost_money_id="2001" cost_money_num="50" itemname="..." itemdetail="..."/>
			<item idx="3"  itemid="105003" itemnum="1" cost_money_id="2001" cost_money_num="50" itemname="..." itemdetail="..."/>
		</skins>
		-->
</config>
