<?xml version="1.0"?>

<config>
	<item name="303"/>
	<item name="304"/>
	<item name="307"/>
	<item name="309"/>
	<item name="311"/>
	<item name="318"/>
	<item name="320"/>
	<item name="323"/>
	<item name="324"/>
	<item name="325"/>
	<item name="326"/>
	<item name="328"/>
	<item name="332"/>
	<item name="333"/>
	<item name="336"/>
	<item name="338"/>
	<item name="339"/>
	<item name="340"/>
	<item name="344"/>
	<item name="345"/>
	<item name="346"/>
	<item name="347"/>
	<item name="349"/>
	<item name="350"/>
	<item name="351"/>
	<item name="359"/>
	<item name="364"/>
	<item name="365"/>
	<item name="368"/>
	<item name="369"/>
	<item name="372"/>
	<item name="375"/>
	<item name="376"/>
	<item name="377"/>
	<item name="380"/>
	<item name="742"/>
	<item name="743"/>
	<item name="744"/>
	<item name="745"/>
	<item name="746"/>
	<item name="747"/>
</config>

