{
  "version": "0.3.0",
  "scope": "tree",
  "id": "858de180-cc1e-45a4-b18f-e3ec4c9bf496",
  "title": "skill_100",
  "description": "",
  "root": "f6bbf4c7-a5b4-40c6-8eeb-fada8d34a11e",
  "properties": {
    "skillid": 100,
    "skillcost": -1
  },
  "nodes": {
    "3c64ff37-bced-4d4c-80f0-58216715ee3d": {
      "id": "3c64ff37-bced-4d4c-80f0-58216715ee3d",
      "name": "ActionAttack1",
      "title": "ActionAttack1",
      "description": "三段式攻击第一段 - 即普通攻击",
      "properties": {
        "skillid": 100,
        "attack_type": 1,
        "attack_range": 0.5
      },
      "display": {
        "x": 108,
        "y": -252
      }
    },
    "eb7fb836-9077-44eb-96df-cb620038fc24": {
      "id": "eb7fb836-9077-44eb-96df-cb620038fc24",
      "name": "ActionAttack2",
      "title": "ActionAttack2",
      "description": "三段式攻击 - 第二段",
      "properties": {
        "skillid": 101,
        "attack_type": 2,
        "attack_range": 0.5
      },
      "display": {
        "x": 108,
        "y": -24
      }
    },
    "43dfa138-2334-4927-8e00-ea96d1b14d55": {
      "id": "43dfa138-2334-4927-8e00-ea96d1b14d55",
      "name": "ActionAttack3",
      "title": "ActionAttack3",
      "description": "三段式攻击 - 第三段",
      "properties": {
        "skillid": 102,
        "attack_type": 2,
        "attack_range": 1.5
      },
      "display": {
        "x": 108,
        "y": 216
      }
    },
    "2efb3c1f-cf09-43e6-9d08-50e80ba0f713": {
      "id": "2efb3c1f-cf09-43e6-9d08-50e80ba0f713",
      "name": "ConditionCheckSkill",
      "title": "ConditionCheckSkill",
      "description": "检查角色身上 是否有某技能未开始执行",
      "properties": {
        "skillid": 100,
        "realskillid": 102
      },
      "display": {
        "x": 108,
        "y": 96
      }
    },
    "83ae8b0f-f5ca-4528-9a58-bd16fb16b7c5": {
      "id": "83ae8b0f-f5ca-4528-9a58-bd16fb16b7c5",
      "name": "ConditionCheckSkill",
      "title": "ConditionCheckSkill",
      "description": "检查角色身上 是否有某技能未开始执行",
      "properties": {
        "skillid": 100,
        "realskillid": 101
      },
      "display": {
        "x": 120,
        "y": -144
      }
    },
    "8c21c240-6bbd-4e63-b9cd-4dfd7897c0d6": {
      "id": "8c21c240-6bbd-4e63-b9cd-4dfd7897c0d6",
      "name": "ActionNextSceneRander5",
      "title": "ActionNextSceneRander5",
      "description": "等待，直到n个Scene::rander5()被执行",
      "properties": {
        "canAttack": 0,
        "n": 5
      },
      "display": {
        "x": 132,
        "y": -312
      }
    },
    "07687b81-2d42-4dc6-a641-6a58a492fcc4": {
      "id": "07687b81-2d42-4dc6-a641-6a58a492fcc4",
      "name": "ActionNextSceneRander5",
      "title": "ActionNextSceneRander5",
      "description": "等待，直到n个Scene::rander5()被执行",
      "properties": {
        "canAttack": 0,
        "n": 5
      },
      "display": {
        "x": 132,
        "y": -84
      }
    },
    "f6bbf4c7-a5b4-40c6-8eeb-fada8d34a11e": {
      "id": "f6bbf4c7-a5b4-40c6-8eeb-fada8d34a11e",
      "name": "CompositeSkillMemSeq",
      "title": "CompositeSkillMemSeq",
      "description": "",
      "properties": {},
      "display": {
        "x": -168,
        "y": -204
      },
      "children": [
        "8c21c240-6bbd-4e63-b9cd-4dfd7897c0d6",
        "3c64ff37-bced-4d4c-80f0-58216715ee3d",
        "3fac9d79-e452-4db3-905a-7fd838ed8797",
        "83ae8b0f-f5ca-4528-9a58-bd16fb16b7c5",
        "07687b81-2d42-4dc6-a641-6a58a492fcc4",
        "eb7fb836-9077-44eb-96df-cb620038fc24",
        "abcbb05c-7fb9-42d3-8f4a-80ba57963605",
        "2efb3c1f-cf09-43e6-9d08-50e80ba0f713",
        "a8e63987-b8dd-4ee5-8084-fa9a141aa732",
        "43dfa138-2334-4927-8e00-ea96d1b14d55",
        "9e081df6-3926-4c0b-86da-3cb8dd191359",
        "3f59c883-7609-416b-8df1-11a0d016d887"
      ]
    },
    "a8e63987-b8dd-4ee5-8084-fa9a141aa732": {
      "id": "a8e63987-b8dd-4ee5-8084-fa9a141aa732",
      "name": "ActionNextSceneRander5",
      "title": "ActionNextSceneRander5",
      "description": "等待，直到n个Scene::rander5()被执行",
      "properties": {
        "canAttack": 0,
        "n": 5
      },
      "display": {
        "x": 132,
        "y": 156
      }
    },
    "3fac9d79-e452-4db3-905a-7fd838ed8797": {
      "id": "3fac9d79-e452-4db3-905a-7fd838ed8797",
      "name": "ActionNextSceneRander5",
      "title": "ActionNextSceneRander5",
      "description": "等待，直到n个Scene::rander5()被执行",
      "properties": {
        "canAttack": 0,
        "n": 6
      },
      "display": {
        "x": 132,
        "y": -192
      }
    },
    "abcbb05c-7fb9-42d3-8f4a-80ba57963605": {
      "id": "abcbb05c-7fb9-42d3-8f4a-80ba57963605",
      "name": "ActionNextSceneRander5",
      "title": "ActionNextSceneRander5",
      "description": "等待，直到n个Scene::rander5()被执行",
      "properties": {
        "canAttack": 0,
        "n": 6
      },
      "display": {
        "x": 132,
        "y": 36
      }
    },
    "9e081df6-3926-4c0b-86da-3cb8dd191359": {
      "id": "9e081df6-3926-4c0b-86da-3cb8dd191359",
      "name": "ActionNextSceneRander5",
      "title": "ActionNextSceneRander5",
      "description": "等待，直到n个Scene::rander5()被执行",
      "properties": {
        "canAttack": 0,
        "n": 6
      },
      "display": {
        "x": 144,
        "y": 276
      }
    },
    "3f59c883-7609-416b-8df1-11a0d016d887": {
      "id": "3f59c883-7609-416b-8df1-11a0d016d887",
      "name": "ConditionCheckSkill",
      "title": "ConditionCheckSkill",
      "description": "检查角色身上 是否有某技能未开始执行",
      "properties": {
        "skillid": 0,
        "realskillid": 0
      },
      "display": {
        "x": 108,
        "y": 336
      }
    }
  },
  "display": {
    "camera_x": 610,
    "camera_y": 329.5,
    "camera_z": 0.75,
    "x": -360,
    "y": -204
  },
  "custom_nodes": [
    {
      "version": "0.3.0",
      "scope": "node",
      "name": "CompositeSkillMemSeq",
      "category": "composite",
      "title": "CompositeSkillMemSeq",
      "description": null,
      "properties": {}
    },
    {
      "version": "0.3.0",
      "scope": "node",
      "name": "ActionNextSceneRander5",
      "category": "action",
      "title": "ActionNextSceneRander5",
      "description": "等待，直到n个Scene::rander5()被执行",
      "properties": {
        "canAttack": 0,
        "n": 11
      }
    },
    {
      "version": "0.3.0",
      "scope": "node",
      "name": "ActionAttack1",
      "category": "action",
      "title": "ActionAttack1",
      "description": "三段式攻击第一段 - 即普通攻击",
      "properties": {
        "skillid": 100,
        "attack_type": 1,
        "attack_range": 0
      }
    },
    {
      "version": "0.3.0",
      "scope": "node",
      "name": "ActionAttack2",
      "category": "action",
      "title": "ActionAttack2",
      "description": "三段式攻击 - 第二段",
      "properties": {
        "skillid": 101,
        "attack_type": 2,
        "attack_range": 0
      }
    },
    {
      "version": "0.3.0",
      "scope": "node",
      "name": "ActionAttack3",
      "category": "action",
      "title": "ActionAttack3",
      "description": "三段式攻击 - 第三段",
      "properties": {
        "skillid": 102,
        "attack_type": 3,
        "attack_range": 0
      }
    },
    {
      "version": "0.3.0",
      "scope": "node",
      "name": "ConditionCheckSkill",
      "category": "condition",
      "title": "ConditionCheckSkill",
      "description": "检查角色身上 是否有某技能未开始执行",
      "properties": {
        "skillid": 0,
        "realskillid": 0
      }
    }
  ]
}