{
  "version": "0.3.0",
  "scope": "tree",
  "id": "858de180-cc1e-45a4-b18f-e3ec4c9bf496",
  "title": "skill_100",
  "description": "",
  "root": "f6bbf4c7-a5b4-40c6-8eeb-fada8d34a11e",
  "properties": {
    "skillid": 100
  },
  "nodes": {
    "3c64ff37-bced-4d4c-80f0-58216715ee3d": {
      "id": "3c64ff37-bced-4d4c-80f0-58216715ee3d",
      "name": "ActionAttack1",
      "title": "ActionAttack1",
      "description": "三段式攻击第一段 - 即普通攻击",
      "properties": {
        "skillid": 100
      },
      "display": {
        "x": 168,
        "y": -144
      }
    },
    "eb7fb836-9077-44eb-96df-cb620038fc24": {
      "id": "eb7fb836-9077-44eb-96df-cb620038fc24",
      "name": "ActionAttack2",
      "title": "ActionAttack2",
      "description": "三段式攻击 - 第二段",
      "properties": {
        "skillid": 101
      },
      "display": {
        "x": 168,
        "y": 36
      }
    },
    "43dfa138-2334-4927-8e00-ea96d1b14d55": {
      "id": "43dfa138-2334-4927-8e00-ea96d1b14d55",
      "name": "ActionAttack3",
      "title": "ActionAttack3",
      "description": "三段式攻击 - 第三段",
      "properties": {
        "skillid": 102
      },
      "display": {
        "x": 168,
        "y": 216
      }
    },
    "2efb3c1f-cf09-43e6-9d08-50e80ba0f713": {
      "id": "2efb3c1f-cf09-43e6-9d08-50e80ba0f713",
      "name": "CheckSkill",
      "title": "CheckSkill",
      "description": "检查角色身上 是否有某技能未开始执行",
      "properties": {
        "skillid": 100
      },
      "display": {
        "x": 168,
        "y": 156
      }
    },
    "83ae8b0f-f5ca-4528-9a58-bd16fb16b7c5": {
      "id": "83ae8b0f-f5ca-4528-9a58-bd16fb16b7c5",
      "name": "CheckSkill",
      "title": "CheckSkill",
      "description": "检查角色身上 是否有某技能未开始执行",
      "properties": {
        "skillid": 100
      },
      "display": {
        "x": 168,
        "y": -24
      }
    },
    "8c21c240-6bbd-4e63-b9cd-4dfd7897c0d6": {
      "id": "8c21c240-6bbd-4e63-b9cd-4dfd7897c0d6",
      "name": "ActionNextSceneRander5",
      "title": "ActionNextSceneRander5",
      "description": "等待，直到n个Scene::rander5()被执行",
      "properties": {
        "canAttack": 1,
        "n": 5
      },
      "display": {
        "x": 192,
        "y": -84
      }
    },
    "07687b81-2d42-4dc6-a641-6a58a492fcc4": {
      "id": "07687b81-2d42-4dc6-a641-6a58a492fcc4",
      "name": "ActionNextSceneRander5",
      "title": "ActionNextSceneRander5",
      "description": "等待，直到n个Scene::rander5()被执行",
      "properties": {
        "canAttack": 1,
        "n": 5
      },
      "display": {
        "x": 192,
        "y": 96
      }
    },
    "f6bbf4c7-a5b4-40c6-8eeb-fada8d34a11e": {
      "id": "f6bbf4c7-a5b4-40c6-8eeb-fada8d34a11e",
      "name": "CompositeSkillMemSeq",
      "title": "CompositeSkillMemSeq",
      "description": "",
      "properties": {},
      "display": {
        "x": -108,
        "y": -84
      },
      "children": [
        "3c64ff37-bced-4d4c-80f0-58216715ee3d",
        "8c21c240-6bbd-4e63-b9cd-4dfd7897c0d6",
        "83ae8b0f-f5ca-4528-9a58-bd16fb16b7c5",
        "eb7fb836-9077-44eb-96df-cb620038fc24",
        "07687b81-2d42-4dc6-a641-6a58a492fcc4",
        "2efb3c1f-cf09-43e6-9d08-50e80ba0f713",
        "43dfa138-2334-4927-8e00-ea96d1b14d55",
        "a8e63987-b8dd-4ee5-8084-fa9a141aa732"
      ]
    },
    "a8e63987-b8dd-4ee5-8084-fa9a141aa732": {
      "id": "a8e63987-b8dd-4ee5-8084-fa9a141aa732",
      "name": "ActionNextSceneRander5",
      "title": "ActionNextSceneRander5",
      "description": "等待，直到n个Scene::rander5()被执行",
      "properties": {
        "canAttack": 1,
        "n": 5
      },
      "display": {
        "x": 192,
        "y": 276
      }
    }
  },
  "display": {
    "camera_x": 610,
    "camera_y": 329.5,
    "camera_z": 1,
    "x": -300,
    "y": -84
  },
  "custom_nodes": [
    {
      "version": "0.3.0",
      "scope": "node",
      "name": "CheckSkill",
      "category": "condition",
      "title": "CheckSkill",
      "description": "检查角色身上 是否有某技能未开始执行",
      "properties": {
        "skillid": 0
      }
    },
    {
      "version": "0.3.0",
      "scope": "node",
      "name": "CompositeSkillMemSeq",
      "category": "composite",
      "title": "CompositeSkillMemSeq",
      "description": null,
      "properties": {}
    },
    {
      "version": "0.3.0",
      "scope": "node",
      "name": "ActionNextSceneRander5",
      "category": "action",
      "title": "ActionNextSceneRander5",
      "description": "等待，直到n个Scene::rander5()被执行",
      "properties": {
        "canAttack": 0,
        "n": 5
      }
    },
    {
      "version": "0.3.0",
      "scope": "node",
      "name": "ActionAttack1",
      "category": "action",
      "title": "ActionAttack1",
      "description": "三段式攻击第一段 - 即普通攻击",
      "properties": {
        "skillid": 100
      }
    },
    {
      "version": "0.3.0",
      "scope": "node",
      "name": "ActionAttack2",
      "category": "action",
      "title": "ActionAttack2",
      "description": "三段式攻击 - 第二段",
      "properties": {
        "skillid": 101
      }
    },
    {
      "version": "0.3.0",
      "scope": "node",
      "name": "ActionAttack3",
      "category": "action",
      "title": "ActionAttack3",
      "description": "三段式攻击 - 第三段",
      "properties": {
        "skillid": 102
      }
    }
  ]
}