{
    "title": "1001",
    "size": 90,
    "nodes": [
        {
            "id": 1,
            "type": 1,
            "layer": 1,
            "description": "dashu (43)",
            "properties": {},
            "px": 63.4000015258789,
            "py": 36.5999984741211,
            "radius": 380,
            "scale": 1,
            "angle": 0
        },
        {
            "id": 2,
            "type": 1,
            "layer": 1,
            "description": "dashu (50)",
            "properties": {},
            "px": 85.5999984741211,
            "py": 32.5,
            "radius": 380,
            "scale": 1,
            "angle": 0
        },
        {
            "id": 3,
            "type": 101,
            "layer": 1,
            "description": "mogu (14)",
            "properties": {
                "ballType": 21,
                "birthTime": 5,
                "birthMax": 3
            },
            "px": 52.0999984741211,
            "py": 43,
            "radius": 265.999995470047,
            "scale": 0.699999988079071,
            "angle": 0
        },
        {
            "id": 4,
            "type": 101,
            "layer": 1,
            "description": "mogu (18)",
            "properties": {
                "ballType": 21,
                "birthTime": 5,
                "birthMax": 2
            },
            "px": 70.9000015258789,
            "py": 20.7999992370605,
            "radius": 570,
            "scale": 1.5,
            "angle": 0
        },
        {
            "id": 5,
            "type": 4,
            "layer": 1,
            "description": "hong_da (10)",
            "properties": {},
            "px": 75,
            "py": 77.3000030517578,
            "radius": 380,
            "scale": 1,
            "angle": 0
        },
        {
            "id": 6,
            "type": 53,
            "layer": 1,
            "description": "hubo8",
            "properties": {},
            "px": 17.2999992370605,
            "py": 40.0999984741211,
            "radius": 1080,
            "scale": 1,
            "angle": 0
        },
        {
            "id": 7,
            "type": 5,
            "layer": 1,
            "description": "lan_da (8)",
            "properties": {},
            "px": 15.5,
            "py": 67.6999969482422,
            "radius": 380,
            "scale": 1,
            "angle": 0
        },
        {
            "id": 8,
            "type": 101,
            "layer": 1,
            "description": "fupin (14)",
            "properties": {
                "ballType": 24,
                "birthTime": 5,
                "birthMax": 3
            },
            "px": 73.3000030517578,
            "py": 24.3999996185303,
            "radius": 456.000018119812,
            "scale": 1.20000004768372,
            "angle": 0
        },
        {
            "id": 9,
            "type": 53,
            "layer": 1,
            "description": "hubo18",
            "properties": {},
            "px": 61.0999984741211,
            "py": 22.2999992370605,
            "radius": 1080,
            "scale": 1,
            "angle": 0
        },
        {
            "id": 10,
            "type": 10,
            "layer": 1,
            "description": "dong_da (7)",
            "properties": {},
            "px": 11.8999996185303,
            "py": 54.0999984741211,
            "radius": 73,
            "scale": 1,
            "angle": 0
        },
        {
            "id": 11,
            "type": 54,
            "layer": 1,
            "description": "nidi3",
            "properties": {},
            "px": 17.6000003814697,
            "py": 72.4000015258789,
            "radius": 680,
            "scale": 1,
            "angle": 0
        },
        {
            "id": 12,
            "type": 4,
            "layer": 1,
            "description": "hong_da (2)",
            "properties": {},
            "px": 56,
            "py": 37.5,
            "radius": 380,
            "scale": 1,
            "angle": 0
        },
        {
            "id": 13,
            "type": 101,
            "layer": 1,
            "description": "mogu (24)",
            "properties": {
                "ballType": 21,
                "birthTime": 5,
                "birthMax": 3
            },
            "px": 36.5,
            "py": 61.5,
            "radius": 456.000018119812,
            "scale": 1.20000004768372,
            "angle": 0
        },
        {
            "id": 14,
            "type": 1,
            "layer": 1,
            "description": "dashu (53)",
            "properties": {},
            "px": 82.3000030517578,
            "py": 78,
            "radius": 380,
            "scale": 1,
            "angle": 0
        },
        {
            "id": 15,
            "type": 101,
            "layer": 1,
            "description": "hongmogu",
            "properties": {
                "ballType": 22,
                "birthTime": 5,
                "birthMax": 2
            },
            "px": 43.4000015258789,
            "py": 32.2999992370605,
            "radius": 304.000004529953,
            "scale": 0.800000011920929,
            "angle": 0
        },
        {
            "id": 16,
            "type": 5,
            "layer": 1,
            "description": "lan_da (7)",
            "properties": {},
            "px": 24.7999992370605,
            "py": 25.5,
            "radius": 380,
            "scale": 1,
            "angle": 0
        },
        {
            "id": 17,
            "type": 101,
            "layer": 1,
            "description": "fupin",
            "properties": {
                "ballType": 24,
                "birthTime": 5,
                "birthMax": 4
            },
            "px": 21.8999996185303,
            "py": 36.4000015258789,
            "radius": 531.999990940094,
            "scale": 1.39999997615814,
            "angle": 0
        },
        {
            "id": 18,
            "type": 101,
            "layer": 1,
            "description": "hongmogu (4)",
            "properties": {
                "ballType": 22,
                "birthTime": 5,
                "birthMax": 2
            },
            "px": 24.1000003814697,
            "py": 17.5,
            "radius": 190,
            "scale": 0.5,
            "angle": 0
        },
        {
            "id": 19,
            "type": 101,
            "layer": 1,
            "description": "mogu_da2 (4)",
            "properties": {
                "ballType": 23,
                "birthTime": 20,
                "birthMax": 1
            },
            "px": 61.4099998474121,
            "py": 21,
            "radius": 1140,
            "scale": 3,
            "angle": 0
        },
        {
            "id": 20,
            "type": 57,
            "layer": 1,
            "description": "nididi (3)",
            "properties": {},
            "px": 23.7999992370605,
            "py": 19.7000007629395,
            "radius": 380,
            "scale": 1,
            "angle": 0
        },
        {
            "id": 21,
            "type": 101,
            "layer": 1,
            "description": "mogu (2)",
            "properties": {
                "ballType": 21,
                "birthTime": 5,
                "birthMax": 5
            },
            "px": 72.6999969482422,
            "py": 47.7999992370605,
            "radius": 418.000009059906,
            "scale": 1.10000002384186,
            "angle": 0
        },
        {
            "id": 22,
            "type": 54,
            "layer": 1,
            "description": "nidi17",
            "properties": {},
            "px": 72.0999984741211,
            "py": 67.1999969482422,
            "radius": 680,
            "scale": 1,
            "angle": 0
        },
        {
            "id": 23,
            "type": 54,
            "layer": 1,
            "description": "nidi2",
            "properties": {},
            "px": 20.6000003814697,
            "py": 72.6999969482422,
            "radius": 680,
            "scale": 1,
            "angle": 0
        },
        {
            "id": 24,
            "type": 101,
            "layer": 1,
            "description": "mogu (27)",
            "properties": {
                "ballType": 21,
                "birthTime": 5,
                "birthMax": 5
            },
            "px": 32.5,
            "py": 61.2000007629395,
            "radius": 570,
            "scale": 1.5,
            "angle": 0
        },
        {
            "id": 25,
            "type": 10,
            "layer": 1,
            "description": "dong_da (22)",
            "properties": {},
            "px": 87,
            "py": 45.5999984741211,
            "radius": 73,
            "scale": 1,
            "angle": 0
        },
        {
            "id": 26,
            "type": 10,
            "layer": 1,
            "description": "dong_da (17)",
            "properties": {},
            "px": 61,
            "py": 2.59999990463257,
            "radius": 73,
            "scale": 1,
            "angle": 0
        },
        {
            "id": 27,
            "type": 4,
            "layer": 1,
            "description": "hong_da (25)",
            "properties": {},
            "px": 33.5999984741211,
            "py": 86.3000030517578,
            "radius": 380,
            "scale": 1,
            "angle": 0
        },
        {
            "id": 28,
            "type": 101,
            "layer": 1,
            "description": "mogu (12)",
            "properties": {
                "ballType": 21,
                "birthTime": 5,
                "birthMax": 2
            },
            "px": 22.3999996185303,
            "py": 36.9000015258789,
            "radius": 570,
            "scale": 1.5,
            "angle": 0
        },
        {
            "id": 29,
            "type": 101,
            "layer": 1,
            "description": "mogu_da2 (1)",
            "properties": {
                "ballType": 23,
                "birthTime": 20,
                "birthMax": 1
            },
            "px": 68.7600021362305,
            "py": 26.2700004577637,
            "radius": 1140,
            "scale": 3,
            "angle": 0
        },
        {
            "id": 30,
            "type": 57,
            "layer": 1,
            "description": "nididi (23)",
            "properties": {},
            "px": 71.8000030517578,
            "py": 48.2000007629395,
            "radius": 380,
            "scale": 1,
            "angle": 0
        },
        {
            "id": 31,
            "type": 101,
            "layer": 1,
            "description": "fupin (4)",
            "properties": {
                "ballType": 24,
                "birthTime": 5,
                "birthMax": 3
            },
            "px": 63.7000007629395,
            "py": 79.0999984741211,
            "radius": 456.000018119812,
            "scale": 1.20000004768372,
            "angle": 0
        },
        {
            "id": 32,
            "type": 54,
            "layer": 1,
            "description": "nidi10",
            "properties": {},
            "px": 50.4000015258789,
            "py": 47.5,
            "radius": 680,
            "scale": 1,
            "angle": 0
        },
        {
            "id": 33,
            "type": 1,
            "layer": 1,
            "description": "dashu (25)",
            "properties": {},
            "px": 64,
            "py": 84,
            "radius": 380,
            "scale": 1,
            "angle": 0
        },
        {
            "id": 34,
            "type": 101,
            "layer": 1,
            "description": "fupin (15)",
            "properties": {
                "ballType": 24,
                "birthTime": 5,
                "birthMax": 4
            },
            "px": 53.4000015258789,
            "py": 71.6999969482422,
            "radius": 683.999981880188,
            "scale": 1.79999995231628,
            "angle": 0
        },
        {
            "id": 35,
            "type": 56,
            "layer": 1,
            "description": "huposhadi (13)",
            "properties": {},
            "px": 61.4000015258789,
            "py": 78.8000030517578,
            "radius": 380,
            "scale": 1,
            "angle": 2.76068997383118
        },
        {
            "id": 36,
            "type": 11,
            "layer": 1,
            "description": "dong_xiao (13)",
            "properties": {},
            "px": 43.4000015258789,
            "py": 9.80000019073486,
            "radius": 42,
            "scale": 1,
            "angle": 0
        },
        {
            "id": 37,
            "type": 53,
            "layer": 1,
            "description": "hubo14",
            "properties": {},
            "px": 61.5,
            "py": 75.6999969482422,
            "radius": 1080,
            "scale": 1,
            "angle": 0
        },
        {
            "id": 38,
            "type": 4,
            "layer": 1,
            "description": "hong_da (20)",
            "properties": {},
            "px": 43.7999992370605,
            "py": 4.40000009536743,
            "radius": 380,
            "scale": 1,
            "angle": 0
        },
        {
            "id": 39,
            "type": 1,
            "layer": 1,
            "description": "dashu (20)",
            "properties": {},
            "px": 24.6000003814697,
            "py": 51.7999992370605,
            "radius": 380,
            "scale": 1,
            "angle": 0
        },
        {
            "id": 40,
            "type": 101,
            "layer": 1,
            "description": "hongmogu (7)",
            "properties": {
                "ballType": 22,
                "birthTime": 5,
                "birthMax": 2
            },
            "px": 34.5,
            "py": 61.4000015258789,
            "radius": 570,
            "scale": 1.5,
            "angle": 0
        },
        {
            "id": 41,
            "type": 1,
            "layer": 1,
            "description": "dashu (59)",
            "properties": {},
            "px": 69.5,
            "py": 3.90000009536743,
            "radius": 380,
            "scale": 1,
            "angle": 0
        },
        {
            "id": 42,
            "type": 101,
            "layer": 1,
            "description": "mogu_da2",
            "properties": {
                "ballType": 23,
                "birthTime": 20,
                "birthMax": 1
            },
            "px": 23.7999992370605,
            "py": 41.6699981689453,
            "radius": 1140,
            "scale": 3,
            "angle": 0
        },
        {
            "id": 43,
            "type": 1,
            "layer": 1,
            "description": "dashu (36)",
            "properties": {},
            "px": 52.2599983215332,
            "py": 34.8300018310547,
            "radius": 380,
            "scale": 1,
            "angle": 0
        },
        {
            "id": 44,
            "type": 53,
            "layer": 1,
            "description": "hubo17",
            "properties": {},
            "px": 57.9000015258789,
            "py": 72.0999984741211,
            "radius": 1080,
            "scale": 1,
            "angle": 0
        },
        {
            "id": 45,
            "type": 56,
            "layer": 1,
            "description": "huposhadi (17)",
            "properties": {},
            "px": 53.7000007629395,
            "py": 71.9000015258789,
            "radius": 380,
            "scale": 1,
            "angle": 2.76068997383118
        },
        {
            "id": 46,
            "type": 10,
            "layer": 1,
            "description": "dong_da (23)",
            "properties": {},
            "px": 5.09999990463257,
            "py": 39.7999992370605,
            "radius": 73,
            "scale": 1,
            "angle": 0
        },
        {
            "id": 47,
            "type": 101,
            "layer": 1,
            "description": "mogu (23)",
            "properties": {
                "ballType": 21,
                "birthTime": 5,
                "birthMax": 3
            },
            "px": 22.8999996185303,
            "py": 41.7999992370605,
            "radius": 570,
            "scale": 1.5,
            "angle": 0
        },
        {
            "id": 48,
            "type": 101,
            "layer": 1,
            "description": "fupin (8)",
            "properties": {
                "ballType": 24,
                "birthTime": 5,
                "birthMax": 3
            },
            "px": 61,
            "py": 15,
            "radius": 570,
            "scale": 1.5,
            "angle": 0
        },
        {
            "id": 49,
            "type": 1,
            "layer": 1,
            "description": "dashu (15)",
            "properties": {},
            "px": 58,
            "py": 20.8999996185303,
            "radius": 380,
            "scale": 1,
            "angle": 0
        },
        {
            "id": 50,
            "type": 1,
            "layer": 1,
            "description": "dashu (12)",
            "properties": {},
            "px": 17.2999992370605,
            "py": 34.4000015258789,
            "radius": 380,
            "scale": 1,
            "angle": 0
        },
        {
            "id": 51,
            "type": 10,
            "layer": 1,
            "description": "dong_da (3)",
            "properties": {},
            "px": 39.7999992370605,
            "py": 37.7000007629395,
            "radius": 73,
            "scale": 1,
            "angle": 0
        },
        {
            "id": 52,
            "type": 4,
            "layer": 1,
            "description": "hong_da (6)",
            "properties": {},
            "px": 26.1000003814697,
            "py": 67.4000015258789,
            "radius": 380,
            "scale": 1,
            "angle": 0
        },
        {
            "id": 53,
            "type": 1,
            "layer": 1,
            "description": "dashu (32)",
            "properties": {},
            "px": 24.3999996185303,
            "py": 10.8999996185303,
            "radius": 380,
            "scale": 1,
            "angle": 0
        },
        {
            "id": 54,
            "type": 55,
            "layer": 1,
            "description": "xiaodao (3)",
            "properties": {},
            "px": 67.6999969482422,
            "py": 25.2000007629395,
            "radius": 542,
            "scale": 1,
            "angle": 0
        },
        {
            "id": 55,
            "type": 4,
            "layer": 1,
            "description": "hong_da (23)",
            "properties": {},
            "px": 84.4000015258789,
            "py": 84.6999969482422,
            "radius": 380,
            "scale": 1,
            "angle": 0
        },
        {
            "id": 56,
            "type": 1,
            "layer": 1,
            "description": "dashu (19)",
            "properties": {},
            "px": 81.8000030517578,
            "py": 24.7999992370605,
            "radius": 380,
            "scale": 1,
            "angle": 0
        },
        {
            "id": 57,
            "type": 1,
            "layer": 1,
            "description": "dashu (55)",
            "properties": {},
            "px": 24.8999996185303,
            "py": 85,
            "radius": 380,
            "scale": 1,
            "angle": 0
        },
        {
            "id": 58,
            "type": 101,
            "layer": 1,
            "description": "mogu (21)",
            "properties": {
                "ballType": 21,
                "birthTime": 5,
                "birthMax": 4
            },
            "px": 54.7000007629395,
            "py": 71.4000015258789,
            "radius": 873.999981880188,
            "scale": 2.29999995231628,
            "angle": 0
        },
        {
            "id": 59,
            "type": 54,
            "layer": 1,
            "description": "nidi11",
            "properties": {},
            "px": 20.7999992370605,
            "py": 19.3999996185303,
            "radius": 680,
            "scale": 1,
            "angle": 0
        },
        {
            "id": 60,
            "type": 11,
            "layer": 1,
            "description": "dong_xiao (3)",
            "properties": {},
            "px": 48.9000015258789,
            "py": 27.2999992370605,
            "radius": 42,
            "scale": 1,
            "angle": 0
        },
        {
            "id": 61,
            "type": 5,
            "layer": 1,
            "description": "lan_da (18)",
            "properties": {},
            "px": 14.8000001907349,
            "py": 84.5,
            "radius": 380,
            "scale": 1,
            "angle": 0
        },
        {
            "id": 62,
            "type": 57,
            "layer": 1,
            "description": "nididi (4)",
            "properties": {},
            "px": 20.7999992370605,
            "py": 19.3999996185303,
            "radius": 380,
            "scale": 1,
            "angle": 0
        },
        {
            "id": 63,
            "type": 101,
            "layer": 1,
            "description": "mogu (22)",
            "properties": {
                "ballType": 21,
                "birthTime": 5,
                "birthMax": 4
            },
            "px": 25.3999996185303,
            "py": 19.7999992370605,
            "radius": 304.000004529953,
            "scale": 0.800000011920929,
            "angle": 0
        },
        {
            "id": 64,
            "type": 101,
            "layer": 1,
            "description": "mogu (4)",
            "properties": {
                "ballType": 21,
                "birthTime": 5,
                "birthMax": 3
            },
            "px": 49.9000015258789,
            "py": 46.2999992370605,
            "radius": 265.999995470047,
            "scale": 0.699999988079071,
            "angle": 0
        },
        {
            "id": 65,
            "type": 53,
            "layer": 1,
            "description": "hupo3",
            "properties": {},
            "px": 23.2999992370605,
            "py": 45.2999992370605,
            "radius": 1080,
            "scale": 1,
            "angle": 0
        },
        {
            "id": 66,
            "type": 101,
            "layer": 1,
            "description": "fupin (6)",
            "properties": {
                "ballType": 24,
                "birthTime": 5,
                "birthMax": 3
            },
            "px": 12.8999996185303,
            "py": 42.5999984741211,
            "radius": 380,
            "scale": 1,
            "angle": 0
        },
        {
            "id": 67,
            "type": 1,
            "layer": 1,
            "description": "dashu (34)",
            "properties": {},
            "px": 71.4000015258789,
            "py": 30.2000007629395,
            "radius": 380,
            "scale": 1,
            "angle": 0
        },
        {
            "id": 68,
            "type": 57,
            "layer": 1,
            "description": "nididi (1)",
            "properties": {},
            "px": 17.6000003814697,
            "py": 72.4000015258789,
            "radius": 380,
            "scale": 1,
            "angle": 0
        },
        {
            "id": 69,
            "type": 53,
            "layer": 1,
            "description": "hubo10",
            "properties": {},
            "px": 65.6999969482422,
            "py": 27.1000003814697,
            "radius": 1080,
            "scale": 1,
            "angle": 0
        },
        {
            "id": 70,
            "type": 10,
            "layer": 1,
            "description": "dong_da (11)",
            "properties": {},
            "px": 18.1000003814697,
            "py": 42.5999984741211,
            "radius": 73,
            "scale": 1,
            "angle": 0
        },
        {
            "id": 71,
            "type": 101,
            "layer": 1,
            "description": "hongmogu (8)",
            "properties": {
                "ballType": 22,
                "birthTime": 5,
                "birthMax": 4
            },
            "px": 59.2000007629395,
            "py": 76.0999984741211,
            "radius": 1140,
            "scale": 3,
            "angle": 0
        },
        {
            "id": 72,
            "type": 53,
            "layer": 1,
            "description": "hubo11",
            "properties": {},
            "px": 61.4000015258789,
            "py": 78.6999969482422,
            "radius": 1080,
            "scale": 1,
            "angle": 0
        },
        {
            "id": 73,
            "type": 101,
            "layer": 1,
            "description": "mogu (9)",
            "properties": {
                "ballType": 21,
                "birthTime": 5,
                "birthMax": 2
            },
            "px": 17.2999992370605,
            "py": 70.9000015258789,
            "radius": 304.000004529953,
            "scale": 0.800000011920929,
            "angle": 0
        },
        {
            "id": 74,
            "type": 1,
            "layer": 1,
            "description": "dashu (21)",
            "properties": {},
            "px": 5.61999988555908,
            "py": 55.9000015258789,
            "radius": 380,
            "scale": 1,
            "angle": 0
        },
        {
            "id": 75,
            "type": 101,
            "layer": 1,
            "description": "mogu (19)",
            "properties": {
                "ballType": 21,
                "birthTime": 5,
                "birthMax": 2
            },
            "px": 61.7999992370605,
            "py": 24.3999996185303,
            "radius": 570,
            "scale": 1.5,
            "angle": 0
        },
        {
            "id": 76,
            "type": 53,
            "layer": 1,
            "description": "hubo16",
            "properties": {},
            "px": 65.5,
            "py": 14.8999996185303,
            "radius": 1080,
            "scale": 1,
            "angle": 0
        },
        {
            "id": 77,
            "type": 101,
            "layer": 1,
            "description": "fupin (13)",
            "properties": {
                "ballType": 24,
                "birthTime": 5,
                "birthMax": 3
            },
            "px": 25.2999992370605,
            "py": 46.5999984741211,
            "radius": 380,
            "scale": 1,
            "angle": 0
        },
        {
            "id": 78,
            "type": 54,
            "layer": 1,
            "description": "nidi16",
            "properties": {},
            "px": 23.7999992370605,
            "py": 19.7000007629395,
            "radius": 680,
            "scale": 1,
            "angle": 0
        },
        {
            "id": 79,
            "type": 101,
            "layer": 1,
            "description": "fupin (10)",
            "properties": {
                "ballType": 24,
                "birthTime": 5,
                "birthMax": 3
            },
            "px": 64.1999969482422,
            "py": 28.7000007629395,
            "radius": 380,
            "scale": 1,
            "angle": 0
        },
        {
            "id": 80,
            "type": 53,
            "layer": 1,
            "description": "hubo4 (1)",
            "properties": {},
            "px": 57.4000015258789,
            "py": 79.8000030517578,
            "radius": 1080,
            "scale": 1,
            "angle": 0
        },
        {
            "id": 81,
            "type": 1,
            "layer": 1,
            "description": "dashu (48)",
            "properties": {},
            "px": 14.6999998092651,
            "py": 4.19999980926514,
            "radius": 380,
            "scale": 1,
            "angle": 0
        },
        {
            "id": 82,
            "type": 1,
            "layer": 1,
            "description": "dashu (27)",
            "properties": {},
            "px": 39.4000015258789,
            "py": 66.8000030517578,
            "radius": 380,
            "scale": 1,
            "angle": 0
        },
        {
            "id": 83,
            "type": 4,
            "layer": 1,
            "description": "hong_da (15)",
            "properties": {},
            "px": 37.5999984741211,
            "py": 53.2999992370605,
            "radius": 380,
            "scale": 1,
            "angle": 0
        },
        {
            "id": 84,
            "type": 53,
            "layer": 1,
            "description": "hubo7",
            "properties": {},
            "px": 19.7000007629395,
            "py": 37.7000007629395,
            "radius": 1080,
            "scale": 1,
            "angle": 0
        },
        {
            "id": 85,
            "type": 1,
            "layer": 1,
            "description": "dashu (58)",
            "properties": {},
            "px": 5.80000019073486,
            "py": 18.7000007629395,
            "radius": 380,
            "scale": 1,
            "angle": 0
        },
        {
            "id": 86,
            "type": 53,
            "layer": 1,
            "description": "hubo6",
            "properties": {},
            "px": 25.8999996185303,
            "py": 39.0999984741211,
            "radius": 1080,
            "scale": 1,
            "angle": 0
        },
        {
            "id": 87,
            "type": 1,
            "layer": 1,
            "description": "dashu (47)",
            "properties": {},
            "px": 80.879997253418,
            "py": 5.57999992370605,
            "radius": 380,
            "scale": 1,
            "angle": 0
        },
        {
            "id": 88,
            "type": 56,
            "layer": 1,
            "description": "huposhadi (6)",
            "properties": {},
            "px": 17.3999996185303,
            "py": 40,
            "radius": 380,
            "scale": 1,
            "angle": 1.82420241832733
        },
        {
            "id": 89,
            "type": 10,
            "layer": 1,
            "description": "dong_da (8)",
            "properties": {},
            "px": 74.8000030517578,
            "py": 73.1999969482422,
            "radius": 73,
            "scale": 1,
            "angle": 0
        },
        {
            "id": 90,
            "type": 4,
            "layer": 1,
            "description": "hong_da (9)",
            "properties": {},
            "px": 68.8000030517578,
            "py": 57.0999984741211,
            "radius": 380,
            "scale": 1,
            "angle": 0
        },
        {
            "id": 91,
            "type": 101,
            "layer": 1,
            "description": "mogu (17)",
            "properties": {
                "ballType": 21,
                "birthTime": 5,
                "birthMax": 2
            },
            "px": 67.6999969482422,
            "py": 25.1000003814697,
            "radius": 570,
            "scale": 1.5,
            "angle": 0
        },
        {
            "id": 92,
            "type": 4,
            "layer": 1,
            "description": "hong_da (16)",
            "properties": {},
            "px": 59.5999984741211,
            "py": 60.9000015258789,
            "radius": 380,
            "scale": 1,
            "angle": 0
        },
        {
            "id": 93,
            "type": 101,
            "layer": 1,
            "description": "mogu (6)",
            "properties": {
                "ballType": 21,
                "birthTime": 5,
                "birthMax": 3
            },
            "px": 44.5,
            "py": 32.4000015258789,
            "radius": 304.000004529953,
            "scale": 0.800000011920929,
            "angle": 0
        },
        {
            "id": 94,
            "type": 11,
            "layer": 1,
            "description": "dong_xiao (9)",
            "properties": {},
            "px": 65.0999984741211,
            "py": 20.2999992370605,
            "radius": 42,
            "scale": 1,
            "angle": 0
        },
        {
            "id": 95,
            "type": 1,
            "layer": 1,
            "description": "dashu (54)",
            "properties": {},
            "px": 72.9000015258789,
            "py": 85.0999984741211,
            "radius": 380,
            "scale": 1,
            "angle": 0
        },
        {
            "id": 96,
            "type": 53,
            "layer": 1,
            "description": "hupo2",
            "properties": {},
            "px": 71.0999984741211,
            "py": 23.5,
            "radius": 1080,
            "scale": 1,
            "angle": 0
        },
        {
            "id": 97,
            "type": 1,
            "layer": 1,
            "description": "dashu (14)",
            "properties": {},
            "px": 68.8000030517578,
            "py": 13.6999998092651,
            "radius": 380,
            "scale": 1,
            "angle": 0
        },
        {
            "id": 98,
            "type": 1,
            "layer": 1,
            "description": "dashu (11)",
            "properties": {},
            "px": 12.8999996185303,
            "py": 46.7999992370605,
            "radius": 380,
            "scale": 1,
            "angle": 0
        },
        {
            "id": 99,
            "type": 53,
            "layer": 1,
            "description": "hubo5",
            "properties": {},
            "px": 61.2000007629395,
            "py": 16.6000003814697,
            "radius": 1080,
            "scale": 1,
            "angle": 0
        },
        {
            "id": 100,
            "type": 57,
            "layer": 1,
            "description": "nididi (7)",
            "properties": {},
            "px": 32.5999984741211,
            "py": 61.2000007629395,
            "radius": 380,
            "scale": 1,
            "angle": 0
        },
        {
            "id": 101,
            "type": 57,
            "layer": 1,
            "description": "nididi (17)",
            "properties": {},
            "px": 54.7999992370605,
            "py": 45.0999984741211,
            "radius": 380,
            "scale": 1,
            "angle": 0
        },
        {
            "id": 102,
            "type": 54,
            "layer": 1,
            "description": "nidi13",
            "properties": {},
            "px": 32.5999984741211,
            "py": 61.2000007629395,
            "radius": 680,
            "scale": 1,
            "angle": 0
        },
        {
            "id": 103,
            "type": 11,
            "layer": 1,
            "description": "dong_xiao (5)",
            "properties": {},
            "px": 6.30000019073486,
            "py": 10.6000003814697,
            "radius": 42,
            "scale": 1,
            "angle": 0
        },
        {
            "id": 104,
            "type": 101,
            "layer": 1,
            "description": "hongmogu (9)",
            "properties": {
                "ballType": 22,
                "birthTime": 5,
                "birthMax": 3
            },
            "px": 20.2999992370605,
            "py": 42.2000007629395,
            "radius": 1216.00001811981,
            "scale": 3.20000004768372,
            "angle": 0
        },
        {
            "id": 105,
            "type": 56,
            "layer": 1,
            "description": "huposhadi (2)",
            "properties": {},
            "px": 70.6999969482422,
            "py": 18.1000003814697,
            "radius": 380,
            "scale": 1,
            "angle": 2.4796199798584
        },
        {
            "id": 106,
            "type": 101,
            "layer": 1,
            "description": "mogu (26)",
            "properties": {
                "ballType": 21,
                "birthTime": 5,
                "birthMax": 4
            },
            "px": 75.9000015258789,
            "py": 66.0999984741211,
            "radius": 265.999995470047,
            "scale": 0.699999988079071,
            "angle": 0
        },
        {
            "id": 107,
            "type": 1,
            "layer": 1,
            "description": "dashu (13)",
            "properties": {},
            "px": 70.6999969482422,
            "py": 15.5,
            "radius": 380,
            "scale": 1,
            "angle": 0
        },
        {
            "id": 108,
            "type": 11,
            "layer": 1,
            "description": "dong_xiao (6)",
            "properties": {},
            "px": 29.6000003814697,
            "py": 55.2999992370605,
            "radius": 42,
            "scale": 1,
            "angle": 0
        },
        {
            "id": 109,
            "type": 10,
            "layer": 1,
            "description": "dong_da (21)",
            "properties": {},
            "px": 39.7000007629395,
            "py": 85.1999969482422,
            "radius": 73,
            "scale": 1,
            "angle": 0
        },
        {
            "id": 110,
            "type": 54,
            "layer": 1,
            "description": "nidi14",
            "properties": {},
            "px": 45,
            "py": 27,
            "radius": 680,
            "scale": 1,
            "angle": 0
        },
        {
            "id": 111,
            "type": 101,
            "layer": 1,
            "description": "mogu (8)",
            "properties": {
                "ballType": 21,
                "birthTime": 5,
                "birthMax": 3
            },
            "px": 41,
            "py": 29.1000003814697,
            "radius": 228.000009059906,
            "scale": 0.600000023841858,
            "angle": 0
        },
        {
            "id": 112,
            "type": 11,
            "layer": 1,
            "description": "dong_xiao (19)",
            "properties": {},
            "px": 69.4000015258789,
            "py": 61.0999984741211,
            "radius": 42,
            "scale": 1,
            "angle": 0
        },
        {
            "id": 113,
            "type": 101,
            "layer": 1,
            "description": "fupin (11)",
            "properties": {
                "ballType": 24,
                "birthTime": 5,
                "birthMax": 4
            },
            "px": 18.2000007629395,
            "py": 47.7999992370605,
            "radius": 683.999981880188,
            "scale": 1.79999995231628,
            "angle": 0
        },
        {
            "id": 114,
            "type": 10,
            "layer": 1,
            "description": "dong_da (16)",
            "properties": {},
            "px": 35.0999984741211,
            "py": 5.80000019073486,
            "radius": 73,
            "scale": 1,
            "angle": 0
        },
        {
            "id": 115,
            "type": 4,
            "layer": 1,
            "description": "hong_da (3)",
            "properties": {},
            "px": 80.1999969482422,
            "py": 17.7000007629395,
            "radius": 380,
            "scale": 1,
            "angle": 0
        },
        {
            "id": 116,
            "type": 56,
            "layer": 1,
            "description": "huposhadi (14)",
            "properties": {},
            "px": 61.6100006103516,
            "py": 75.5800018310547,
            "radius": 380,
            "scale": 1,
            "angle": 2.76068997383118
        },
        {
            "id": 117,
            "type": 11,
            "layer": 1,
            "description": "dong_xiao (12)",
            "properties": {},
            "px": 52.5999984741211,
            "py": 85.6999969482422,
            "radius": 42,
            "scale": 1,
            "angle": 0
        },
        {
            "id": 118,
            "type": 53,
            "layer": 1,
            "description": "hubo4",
            "properties": {},
            "px": 53.4000015258789,
            "py": 72.0999984741211,
            "radius": 1080,
            "scale": 1,
            "angle": 0
        },
        {
            "id": 119,
            "type": 1,
            "layer": 1,
            "description": "dashu (51)",
            "properties": {},
            "px": 6.40000009536743,
            "py": 21.3999996185303,
            "radius": 380,
            "scale": 1,
            "angle": 0
        },
        {
            "id": 120,
            "type": 101,
            "layer": 1,
            "description": "fupin (2)",
            "properties": {
                "ballType": 24,
                "birthTime": 5,
                "birthMax": 4
            },
            "px": 62.9000015258789,
            "py": 75.0999984741211,
            "radius": 570,
            "scale": 1.5,
            "angle": 0
        },
        {
            "id": 121,
            "type": 11,
            "layer": 1,
            "description": "dong_xiao (21)",
            "properties": {},
            "px": 77.4000015258789,
            "py": 3,
            "radius": 42,
            "scale": 1,
            "angle": 0
        },
        {
            "id": 122,
            "type": 1,
            "layer": 1,
            "description": "dashu (16)",
            "properties": {},
            "px": 33.2999992370605,
            "py": 22.8999996185303,
            "radius": 380,
            "scale": 1,
            "angle": 0
        },
        {
            "id": 123,
            "type": 10,
            "layer": 1,
            "description": "dong_da (24)",
            "properties": {},
            "px": 11.3999996185303,
            "py": 74,
            "radius": 73,
            "scale": 1,
            "angle": 0
        },
        {
            "id": 124,
            "type": 5,
            "layer": 1,
            "description": "lan_da (4)",
            "properties": {},
            "px": 30.8999996185303,
            "py": 79.3000030517578,
            "radius": 380,
            "scale": 1,
            "angle": 0
        },
        {
            "id": 125,
            "type": 4,
            "layer": 1,
            "description": "hong_da (8)",
            "properties": {},
            "px": 42.1199989318848,
            "py": 43.4199981689453,
            "radius": 380,
            "scale": 1,
            "angle": 0
        },
        {
            "id": 126,
            "type": 11,
            "layer": 1,
            "description": "dong_xiao (11)",
            "properties": {},
            "px": 7.69999980926514,
            "py": 82.0999984741211,
            "radius": 42,
            "scale": 1,
            "angle": 0
        },
        {
            "id": 127,
            "type": 11,
            "layer": 1,
            "description": "dong_xiao (1)",
            "properties": {},
            "px": 22.6000003814697,
            "py": 22.5,
            "radius": 42,
            "scale": 1,
            "angle": 0
        },
        {
            "id": 128,
            "type": 1,
            "layer": 1,
            "description": "dashu (38)",
            "properties": {},
            "px": 7.11999988555908,
            "py": 31.5900001525879,
            "radius": 380,
            "scale": 1,
            "angle": 0
        },
        {
            "id": 129,
            "type": 1,
            "layer": 1,
            "description": "dashu (41)",
            "properties": {},
            "px": 21.3999996185303,
            "py": 62.4000015258789,
            "radius": 380,
            "scale": 1,
            "angle": 0
        },
        {
            "id": 130,
            "type": 101,
            "layer": 1,
            "description": "mogu_da2 (3)",
            "properties": {
                "ballType": 23,
                "birthTime": 20,
                "birthMax": 1
            },
            "px": 17.0100002288818,
            "py": 39.1399993896484,
            "radius": 1140,
            "scale": 3,
            "angle": 0
        },
        {
            "id": 131,
            "type": 10,
            "layer": 1,
            "description": "dong_da (1)",
            "properties": {},
            "px": 62.0999984741211,
            "py": 65.3000030517578,
            "radius": 73,
            "scale": 1,
            "angle": 0
        },
        {
            "id": 132,
            "type": 5,
            "layer": 1,
            "description": "lan_da (10)",
            "properties": {},
            "px": 70.4000015258789,
            "py": 42.9000015258789,
            "radius": 380,
            "scale": 1,
            "angle": 0
        },
        {
            "id": 133,
            "type": 57,
            "layer": 1,
            "description": "nididi (20)",
            "properties": {},
            "px": 75.0999984741211,
            "py": 67.5,
            "radius": 380,
            "scale": 1,
            "angle": 0
        },
        {
            "id": 134,
            "type": 1,
            "layer": 1,
            "description": "dashu (3)",
            "properties": {},
            "px": 51.4000015258789,
            "py": 77.6999969482422,
            "radius": 380,
            "scale": 1,
            "angle": 0
        },
        {
            "id": 135,
            "type": 101,
            "layer": 1,
            "description": "mogu (3)",
            "properties": {
                "ballType": 21,
                "birthTime": 5,
                "birthMax": 3
            },
            "px": 53.9000015258789,
            "py": 46.4000015258789,
            "radius": 341.999990940094,
            "scale": 0.899999976158142,
            "angle": 0
        },
        {
            "id": 136,
            "type": 4,
            "layer": 1,
            "description": "hong_da (22)",
            "properties": {},
            "px": 5.30000019073486,
            "py": 85.4000015258789,
            "radius": 380,
            "scale": 1,
            "angle": 0
        },
        {
            "id": 137,
            "type": 5,
            "layer": 1,
            "description": "lan_da (3)",
            "properties": {},
            "px": 60.2000007629395,
            "py": 51.7000007629395,
            "radius": 380,
            "scale": 1,
            "angle": 0
        },
        {
            "id": 138,
            "type": 11,
            "layer": 1,
            "description": "dong_xiao (15)",
            "properties": {},
            "px": 5.71999979019165,
            "py": 28.3899993896484,
            "radius": 42,
            "scale": 1,
            "angle": 0
        },
        {
            "id": 139,
            "type": 1,
            "layer": 1,
            "description": "dashu (9)",
            "properties": {},
            "px": 41.4000015258789,
            "py": 48.5999984741211,
            "radius": 380,
            "scale": 1,
            "angle": 0
        },
        {
            "id": 140,
            "type": 10,
            "layer": 1,
            "description": "dong_da",
            "properties": {},
            "px": 21.7000007629395,
            "py": 69.3000030517578,
            "radius": 73,
            "scale": 1,
            "angle": 0
        },
        {
            "id": 141,
            "type": 1,
            "layer": 1,
            "description": "dashu (39)",
            "properties": {},
            "px": 61,
            "py": 84.5,
            "radius": 380,
            "scale": 1,
            "angle": 0
        },
        {
            "id": 142,
            "type": 1,
            "layer": 1,
            "description": "dashu (31)",
            "properties": {},
            "px": 23.1000003814697,
            "py": 50.4000015258789,
            "radius": 380,
            "scale": 1,
            "angle": 0
        },
        {
            "id": 143,
            "type": 1,
            "layer": 1,
            "description": "dashu (40)",
            "properties": {},
            "px": 79.4000015258789,
            "py": 64.5999984741211,
            "radius": 380,
            "scale": 1,
            "angle": 0
        },
        {
            "id": 144,
            "type": 1,
            "layer": 1,
            "description": "dashu (30)",
            "properties": {},
            "px": 40.4000015258789,
            "py": 68.3000030517578,
            "radius": 380,
            "scale": 1,
            "angle": 0
        },
        {
            "id": 145,
            "type": 4,
            "layer": 1,
            "description": "hong_da (21)",
            "properties": {},
            "px": 83.4000015258789,
            "py": 53,
            "radius": 380,
            "scale": 1,
            "angle": 0
        },
        {
            "id": 146,
            "type": 11,
            "layer": 1,
            "description": "dong_xiao (16)",
            "properties": {},
            "px": 26.5,
            "py": 76.0999984741211,
            "radius": 42,
            "scale": 1,
            "angle": 0
        },
        {
            "id": 147,
            "type": 4,
            "layer": 1,
            "description": "hong_da (4)",
            "properties": {},
            "px": 16.1000003814697,
            "py": 24.2000007629395,
            "radius": 380,
            "scale": 1,
            "angle": 0
        },
        {
            "id": 148,
            "type": 56,
            "layer": 1,
            "description": "huposhadi",
            "properties": {},
            "px": 65.5,
            "py": 27,
            "radius": 380,
            "scale": 1,
            "angle": 2.4796199798584
        },
        {
            "id": 149,
            "type": 10,
            "layer": 1,
            "description": "dong_da (4)",
            "properties": {},
            "px": 71.5999984741211,
            "py": 38.4000015258789,
            "radius": 73,
            "scale": 1,
            "angle": 0
        },
        {
            "id": 150,
            "type": 54,
            "layer": 1,
            "description": "nidi4",
            "properties": {},
            "px": 68.8000030517578,
            "py": 47.9000015258789,
            "radius": 680,
            "scale": 1,
            "angle": 0
        },
        {
            "id": 151,
            "type": 1,
            "layer": 1,
            "description": "dashu (33)",
            "properties": {},
            "px": 17.0900001525879,
            "py": 75.2099990844727,
            "radius": 380,
            "scale": 1,
            "angle": 0
        },
        {
            "id": 152,
            "type": 10,
            "layer": 1,
            "description": "dong_da (6)",
            "properties": {},
            "px": 54.7999992370605,
            "py": 11.6999998092651,
            "radius": 73,
            "scale": 1,
            "angle": 0
        },
        {
            "id": 153,
            "type": 11,
            "layer": 1,
            "description": "dong_xiao (17)",
            "properties": {},
            "px": 48.4000015258789,
            "py": 37.5999984741211,
            "radius": 42,
            "scale": 1,
            "angle": 0
        },
        {
            "id": 154,
            "type": 56,
            "layer": 1,
            "description": "huposhadi (12)",
            "properties": {},
            "px": 57.5999984741211,
            "py": 80.0999984741211,
            "radius": 380,
            "scale": 1,
            "angle": 2.76068997383118
        },
        {
            "id": 155,
            "type": 101,
            "layer": 1,
            "description": "hongmogu (2)",
            "properties": {
                "ballType": 22,
                "birthTime": 5,
                "birthMax": 2
            },
            "px": 55,
            "py": 46.2999992370605,
            "radius": 341.999990940094,
            "scale": 0.899999976158142,
            "angle": 0
        },
        {
            "id": 156,
            "type": 54,
            "layer": 1,
            "description": "nidi5",
            "properties": {},
            "px": 71.8000030517578,
            "py": 48.2000007629395,
            "radius": 680,
            "scale": 1,
            "angle": 0
        },
        {
            "id": 157,
            "type": 57,
            "layer": 1,
            "description": "nididi (15)",
            "properties": {},
            "px": 50.4000015258789,
            "py": 47.5,
            "radius": 380,
            "scale": 1,
            "angle": 0
        },
        {
            "id": 158,
            "type": 5,
            "layer": 1,
            "description": "lan_da (1)",
            "properties": {},
            "px": 44.2999992370605,
            "py": 28.7999992370605,
            "radius": 380,
            "scale": 1,
            "angle": 0
        },
        {
            "id": 159,
            "type": 57,
            "layer": 1,
            "description": "nididi (2)",
            "properties": {},
            "px": 20.6000003814697,
            "py": 72.6999969482422,
            "radius": 380,
            "scale": 1,
            "angle": 0
        },
        {
            "id": 160,
            "type": 101,
            "layer": 1,
            "description": "fupin (7)",
            "properties": {
                "ballType": 24,
                "birthTime": 5,
                "birthMax": 3
            },
            "px": 71.8000030517578,
            "py": 20.3999996185303,
            "radius": 570,
            "scale": 1.5,
            "angle": 0
        },
        {
            "id": 161,
            "type": 101,
            "layer": 1,
            "description": "mogu",
            "properties": {
                "ballType": 21,
                "birthTime": 5,
                "birthMax": 3
            },
            "px": 21,
            "py": 76.5,
            "radius": 265.999995470047,
            "scale": 0.699999988079071,
            "angle": 0
        },
        {
            "id": 162,
            "type": 57,
            "layer": 1,
            "description": "nididi (6)",
            "properties": {},
            "px": 35.5999984741211,
            "py": 61.5,
            "radius": 380,
            "scale": 1,
            "angle": 0
        },
        {
            "id": 163,
            "type": 101,
            "layer": 1,
            "description": "mogu (10)",
            "properties": {
                "ballType": 21,
                "birthTime": 5,
                "birthMax": 3
            },
            "px": 18.2000007629395,
            "py": 41.5,
            "radius": 570,
            "scale": 1.5,
            "angle": 0
        },
        {
            "id": 164,
            "type": 11,
            "layer": 1,
            "description": "dong_xiao (25)",
            "properties": {},
            "px": 14.5,
            "py": 62,
            "radius": 42,
            "scale": 1,
            "angle": 0
        },
        {
            "id": 165,
            "type": 101,
            "layer": 1,
            "description": "fupin (5)",
            "properties": {
                "ballType": 24,
                "birthTime": 5,
                "birthMax": 3
            },
            "px": 54.0999984741211,
            "py": 81.1999969482422,
            "radius": 304.000004529953,
            "scale": 0.800000011920929,
            "angle": 0
        },
        {
            "id": 166,
            "type": 4,
            "layer": 1,
            "description": "hong_da (24)",
            "properties": {},
            "px": 4.69999980926514,
            "py": 72.5,
            "radius": 380,
            "scale": 1,
            "angle": 0
        },
        {
            "id": 167,
            "type": 1,
            "layer": 1,
            "description": "dashu",
            "properties": {},
            "px": 39.0999984741211,
            "py": 47,
            "radius": 380,
            "scale": 1,
            "angle": 0
        },
        {
            "id": 168,
            "type": 101,
            "layer": 1,
            "description": "mogu (5)",
            "properties": {
                "ballType": 21,
                "birthTime": 5,
                "birthMax": 4
            },
            "px": 71.4000015258789,
            "py": 66.3000030517578,
            "radius": 380,
            "scale": 1,
            "angle": 0
        },
        {
            "id": 169,
            "type": 54,
            "layer": 1,
            "description": "nidi7",
            "properties": {},
            "px": 42.7999992370605,
            "py": 29.2000007629395,
            "radius": 680,
            "scale": 1,
            "angle": 0
        },
        {
            "id": 170,
            "type": 57,
            "layer": 1,
            "description": "nididi (13)",
            "properties": {},
            "px": 42.7999992370605,
            "py": 29.2000007629395,
            "radius": 380,
            "scale": 1,
            "angle": 0
        },
        {
            "id": 171,
            "type": 56,
            "layer": 1,
            "description": "huposhadi (3)",
            "properties": {},
            "px": 65.8000030517578,
            "py": 14.8000001907349,
            "radius": 380,
            "scale": 1,
            "angle": 2.4796199798584
        },
        {
            "id": 172,
            "type": 10,
            "layer": 1,
            "description": "dong_da (12)",
            "properties": {},
            "px": 22.2999992370605,
            "py": 30.6000003814697,
            "radius": 73,
            "scale": 1,
            "angle": 0
        },
        {
            "id": 173,
            "type": 5,
            "layer": 1,
            "description": "lan_da (14)",
            "properties": {},
            "px": 28.3999996185303,
            "py": 6.09999990463257,
            "radius": 380,
            "scale": 1,
            "angle": 0
        },
        {
            "id": 174,
            "type": 57,
            "layer": 1,
            "description": "nididi (16)",
            "properties": {},
            "px": 51.7999992370605,
            "py": 44.7999992370605,
            "radius": 380,
            "scale": 1,
            "angle": 0
        },
        {
            "id": 175,
            "type": 11,
            "layer": 1,
            "description": "dong_xiao (8)",
            "properties": {},
            "px": 51.7000007629395,
            "py": 45.2000007629395,
            "radius": 42,
            "scale": 1,
            "angle": 0
        },
        {
            "id": 176,
            "type": 1,
            "layer": 1,
            "description": "dashu (23)",
            "properties": {},
            "px": 69.5,
            "py": 50.5999984741211,
            "radius": 380,
            "scale": 1,
            "angle": 0
        },
        {
            "id": 177,
            "type": 101,
            "layer": 1,
            "description": "fupin (12)",
            "properties": {
                "ballType": 24,
                "birthTime": 5,
                "birthMax": 3
            },
            "px": 64.5,
            "py": 14.1000003814697,
            "radius": 380,
            "scale": 1,
            "angle": 0
        },
        {
            "id": 178,
            "type": 101,
            "layer": 1,
            "description": "hongmogu (6)",
            "properties": {
                "ballType": 22,
                "birthTime": 5,
                "birthMax": 2
            },
            "px": 70.5999984741211,
            "py": 47,
            "radius": 341.999990940094,
            "scale": 0.899999976158142,
            "angle": 0
        },
        {
            "id": 179,
            "type": 10,
            "layer": 1,
            "description": "dong_da (5)",
            "properties": {},
            "px": 30.7999992370605,
            "py": 17.2000007629395,
            "radius": 73,
            "scale": 1,
            "angle": 0
        },
        {
            "id": 180,
            "type": 57,
            "layer": 1,
            "description": "nididi (22)",
            "properties": {},
            "px": 68.8000030517578,
            "py": 47.9000015258789,
            "radius": 380,
            "scale": 1,
            "angle": 0
        },
        {
            "id": 181,
            "type": 1,
            "layer": 1,
            "description": "dashu (10)",
            "properties": {},
            "px": 56.5999984741211,
            "py": 42.9000015258789,
            "radius": 380,
            "scale": 1,
            "angle": 0
        },
        {
            "id": 182,
            "type": 5,
            "layer": 1,
            "description": "lan_da (16)",
            "properties": {},
            "px": 85.5999984741211,
            "py": 71.3000030517578,
            "radius": 380,
            "scale": 1,
            "angle": 0
        },
        {
            "id": 183,
            "type": 4,
            "layer": 1,
            "description": "hong_da (1)",
            "properties": {},
            "px": 35.5,
            "py": 12.8999996185303,
            "radius": 380,
            "scale": 1,
            "angle": 0
        },
        {
            "id": 184,
            "type": 1,
            "layer": 1,
            "description": "dashu (7)",
            "properties": {},
            "px": 77.0199966430664,
            "py": 60.7000007629395,
            "radius": 380,
            "scale": 1,
            "angle": 0
        },
        {
            "id": 185,
            "type": 1,
            "layer": 1,
            "description": "dashu (37)",
            "properties": {},
            "px": 33.5,
            "py": 25.3999996185303,
            "radius": 380,
            "scale": 1,
            "angle": 0
        },
        {
            "id": 186,
            "type": 56,
            "layer": 1,
            "description": "huposhadi (16)",
            "properties": {},
            "px": 53.2999992370605,
            "py": 77.5,
            "radius": 380,
            "scale": 1,
            "angle": 2.76068997383118
        },
        {
            "id": 187,
            "type": 11,
            "layer": 1,
            "description": "dong_xiao (7)",
            "properties": {},
            "px": 44,
            "py": 61.5999984741211,
            "radius": 42,
            "scale": 1,
            "angle": 0
        },
        {
            "id": 188,
            "type": 101,
            "layer": 1,
            "description": "fupin (3)",
            "properties": {
                "ballType": 24,
                "birthTime": 5,
                "birthMax": 4
            },
            "px": 58.7000007629395,
            "py": 71.9000015258789,
            "radius": 683.999981880188,
            "scale": 1.79999995231628,
            "angle": 0
        },
        {
            "id": 189,
            "type": 10,
            "layer": 1,
            "description": "dong_da (13)",
            "properties": {},
            "px": 44.4000015258789,
            "py": 52.7000007629395,
            "radius": 73,
            "scale": 1,
            "angle": 0
        },
        {
            "id": 190,
            "type": 55,
            "layer": 1,
            "description": "xiaodao (2)",
            "properties": {},
            "px": 22.7999992370605,
            "py": 41.7999992370605,
            "radius": 542,
            "scale": 1,
            "angle": 0
        },
        {
            "id": 191,
            "type": 54,
            "layer": 1,
            "description": "nidi6",
            "properties": {},
            "px": 51.7999992370605,
            "py": 44.7999992370605,
            "radius": 680,
            "scale": 1,
            "angle": 0
        },
        {
            "id": 192,
            "type": 1,
            "layer": 1,
            "description": "dashu (44)",
            "properties": {},
            "px": 66.1999969482422,
            "py": 36.9000015258789,
            "radius": 380,
            "scale": 1,
            "angle": 0
        },
        {
            "id": 193,
            "type": 101,
            "layer": 1,
            "description": "hongmogu (3)",
            "properties": {
                "ballType": 22,
                "birthTime": 5,
                "birthMax": 2
            },
            "px": 21.7000007629395,
            "py": 72.4000015258789,
            "radius": 380,
            "scale": 1,
            "angle": 0
        },
        {
            "id": 194,
            "type": 56,
            "layer": 1,
            "description": "huposhadi (8)",
            "properties": {},
            "px": 19.8999996185303,
            "py": 37.7000007629395,
            "radius": 380,
            "scale": 1,
            "angle": 1.82420241832733
        },
        {
            "id": 195,
            "type": 54,
            "layer": 1,
            "description": "nidi1",
            "properties": {},
            "px": 22.2000007629395,
            "py": 20.8999996185303,
            "radius": 680,
            "scale": 1,
            "angle": 0
        },
        {
            "id": 196,
            "type": 1,
            "layer": 1,
            "description": "dashu (42)",
            "properties": {},
            "px": 49.0999984741211,
            "py": 64.5,
            "radius": 380,
            "scale": 1,
            "angle": 0
        },
        {
            "id": 197,
            "type": 11,
            "layer": 1,
            "description": "dong_xiao (23)",
            "properties": {},
            "px": 33.0999984741211,
            "py": 67.8000030517578,
            "radius": 42,
            "scale": 1,
            "angle": 0
        },
        {
            "id": 198,
            "type": 4,
            "layer": 1,
            "description": "hong_da (19)",
            "properties": {},
            "px": 7.09999990463257,
            "py": 6.09999990463257,
            "radius": 380,
            "scale": 1,
            "angle": 0
        },
        {
            "id": 199,
            "type": 10,
            "layer": 1,
            "description": "dong_da (9)",
            "properties": {},
            "px": 82.3000030517578,
            "py": 11.8999996185303,
            "radius": 73,
            "scale": 1,
            "angle": 0
        },
        {
            "id": 200,
            "type": 57,
            "layer": 1,
            "description": "nididi (18)",
            "properties": {},
            "px": 74,
            "py": 69.3000030517578,
            "radius": 380,
            "scale": 1,
            "angle": 0
        },
        {
            "id": 201,
            "type": 11,
            "layer": 1,
            "description": "dong_xiao",
            "properties": {},
            "px": 18.8999996185303,
            "py": 13.3000001907349,
            "radius": 42,
            "scale": 1,
            "angle": 0
        },
        {
            "id": 202,
            "type": 4,
            "layer": 1,
            "description": "hong_da (7)",
            "properties": {},
            "px": 39.7000007629395,
            "py": 75.5500030517578,
            "radius": 380,
            "scale": 1,
            "angle": 0
        },
        {
            "id": 203,
            "type": 101,
            "layer": 1,
            "description": "mogu (25)",
            "properties": {
                "ballType": 21,
                "birthTime": 5,
                "birthMax": 4
            },
            "px": 62.5,
            "py": 73.8000030517578,
            "radius": 570,
            "scale": 1.5,
            "angle": 0
        },
        {
            "id": 204,
            "type": 1,
            "layer": 1,
            "description": "dashu (8)",
            "properties": {},
            "px": 79.1999969482422,
            "py": 46.2000007629395,
            "radius": 380,
            "scale": 1,
            "angle": 0
        },
        {
            "id": 205,
            "type": 11,
            "layer": 1,
            "description": "dong_xiao (18)",
            "properties": {},
            "px": 70.8000030517578,
            "py": 8.30000019073486,
            "radius": 42,
            "scale": 1,
            "angle": 0
        },
        {
            "id": 206,
            "type": 4,
            "layer": 1,
            "description": "hong_da (13)",
            "properties": {},
            "px": 48.5099983215332,
            "py": 56,
            "radius": 380,
            "scale": 1,
            "angle": 0
        },
        {
            "id": 207,
            "type": 5,
            "layer": 1,
            "description": "lan_da (5)",
            "properties": {},
            "px": 44.4000015258789,
            "py": 17.2000007629395,
            "radius": 380,
            "scale": 1,
            "angle": 0
        },
        {
            "id": 208,
            "type": 101,
            "layer": 1,
            "description": "mogu (1)",
            "properties": {
                "ballType": 21,
                "birthTime": 5,
                "birthMax": 3
            },
            "px": 68.4000015258789,
            "py": 46.7999992370605,
            "radius": 380,
            "scale": 1,
            "angle": 0
        },
        {
            "id": 209,
            "type": 56,
            "layer": 1,
            "description": "huposhadi (1)",
            "properties": {},
            "px": 71,
            "py": 23.7000007629395,
            "radius": 380,
            "scale": 1,
            "angle": 2.4796199798584
        },
        {
            "id": 210,
            "type": 101,
            "layer": 1,
            "description": "mogu (16)",
            "properties": {
                "ballType": 21,
                "birthTime": 5,
                "birthMax": 2
            },
            "px": 64.3000030517578,
            "py": 20,
            "radius": 570,
            "scale": 1.5,
            "angle": 0
        },
        {
            "id": 211,
            "type": 53,
            "layer": 1,
            "description": "hubo12",
            "properties": {},
            "px": 53.2999992370605,
            "py": 77.8000030517578,
            "radius": 1080,
            "scale": 1,
            "angle": 0
        },
        {
            "id": 212,
            "type": 4,
            "layer": 1,
            "description": "hong_da",
            "properties": {},
            "px": 21.2999992370605,
            "py": 19.2999992370605,
            "radius": 380,
            "scale": 1,
            "angle": 0
        },
        {
            "id": 213,
            "type": 5,
            "layer": 1,
            "description": "lan_da (11)",
            "properties": {},
            "px": 18.7000007629395,
            "py": 56.9000015258789,
            "radius": 380,
            "scale": 1,
            "angle": 0
        },
        {
            "id": 214,
            "type": 1,
            "layer": 1,
            "description": "dashu (57)",
            "properties": {},
            "px": 6.26999998092651,
            "py": 77.0400009155273,
            "radius": 380,
            "scale": 1,
            "angle": 0
        },
        {
            "id": 215,
            "type": 10,
            "layer": 1,
            "description": "dong_da (2)",
            "properties": {},
            "px": 43.2999992370605,
            "py": 72.3000030517578,
            "radius": 73,
            "scale": 1,
            "angle": 0
        },
        {
            "id": 216,
            "type": 55,
            "layer": 1,
            "description": "xiaodao (4)",
            "properties": {},
            "px": 64.3000030517578,
            "py": 19.8999996185303,
            "radius": 542,
            "scale": 1,
            "angle": 0
        },
        {
            "id": 217,
            "type": 1,
            "layer": 1,
            "description": "dashu (49)",
            "properties": {},
            "px": 85.1999969482422,
            "py": 63.4000015258789,
            "radius": 380,
            "scale": 1,
            "angle": 0
        },
        {
            "id": 218,
            "type": 54,
            "layer": 1,
            "description": "nidi18",
            "properties": {},
            "px": 54.7999992370605,
            "py": 45.0999984741211,
            "radius": 680,
            "scale": 1,
            "angle": 0
        },
        {
            "id": 219,
            "type": 1,
            "layer": 1,
            "description": "dashu (22)",
            "properties": {},
            "px": 50.7000007629395,
            "py": 49.7000007629395,
            "radius": 380,
            "scale": 1,
            "angle": 0
        },
        {
            "id": 220,
            "type": 53,
            "layer": 1,
            "description": "hubo13",
            "properties": {},
            "px": 14.3000001907349,
            "py": 45.2999992370605,
            "radius": 1080,
            "scale": 1,
            "angle": 0
        },
        {
            "id": 221,
            "type": 54,
            "layer": 1,
            "description": "nidi12",
            "properties": {},
            "px": 19.5,
            "py": 75.8000030517578,
            "radius": 680,
            "scale": 1,
            "angle": 0
        },
        {
            "id": 222,
            "type": 1,
            "layer": 1,
            "description": "dashu (26)",
            "properties": {},
            "px": 45.7000007629395,
            "py": 12.8000001907349,
            "radius": 380,
            "scale": 1,
            "angle": 0
        },
        {
            "id": 223,
            "type": 11,
            "layer": 1,
            "description": "dong_xiao (2)",
            "properties": {},
            "px": 38.5,
            "py": 21.7999992370605,
            "radius": 42,
            "scale": 1,
            "angle": 0
        },
        {
            "id": 224,
            "type": 1,
            "layer": 1,
            "description": "dashu (35)",
            "properties": {},
            "px": 52.9000015258789,
            "py": 57.7999992370605,
            "radius": 380,
            "scale": 1,
            "angle": 0
        },
        {
            "id": 225,
            "type": 56,
            "layer": 1,
            "description": "huposhadi (7)",
            "properties": {},
            "px": 14.1999998092651,
            "py": 45.0999984741211,
            "radius": 380,
            "scale": 1,
            "angle": 1.82420241832733
        },
        {
            "id": 226,
            "type": 57,
            "layer": 1,
            "description": "nididi (5)",
            "properties": {},
            "px": 22.2000007629395,
            "py": 20.8999996185303,
            "radius": 380,
            "scale": 1,
            "angle": 0
        },
        {
            "id": 227,
            "type": 56,
            "layer": 1,
            "description": "huposhadi (11)",
            "properties": {},
            "px": 19.5,
            "py": 47.4000015258789,
            "radius": 380,
            "scale": 1,
            "angle": 1.82420241832733
        },
        {
            "id": 228,
            "type": 5,
            "layer": 1,
            "description": "lan_da (15)",
            "properties": {},
            "px": 84,
            "py": 41.7999992370605,
            "radius": 380,
            "scale": 1,
            "angle": 0
        },
        {
            "id": 229,
            "type": 53,
            "layer": 1,
            "description": "hubo9",
            "properties": {},
            "px": 70.5,
            "py": 18,
            "radius": 1080,
            "scale": 1,
            "angle": 0
        },
        {
            "id": 230,
            "type": 10,
            "layer": 1,
            "description": "dong_da (18)",
            "properties": {},
            "px": 4.90000009536743,
            "py": 64,
            "radius": 73,
            "scale": 1,
            "angle": 0
        },
        {
            "id": 231,
            "type": 1,
            "layer": 1,
            "description": "dashu (29)",
            "properties": {},
            "px": 69.6999969482422,
            "py": 30.2999992370605,
            "radius": 380,
            "scale": 1,
            "angle": 0
        },
        {
            "id": 232,
            "type": 1,
            "layer": 1,
            "description": "dashu (46)",
            "properties": {},
            "px": 56.0999984741211,
            "py": 4.80000019073486,
            "radius": 380,
            "scale": 1,
            "angle": 0
        },
        {
            "id": 233,
            "type": 1,
            "layer": 1,
            "description": "dashu (18)",
            "properties": {},
            "px": 21.7000007629395,
            "py": 10.3000001907349,
            "radius": 380,
            "scale": 1,
            "angle": 0
        },
        {
            "id": 234,
            "type": 11,
            "layer": 1,
            "description": "dong_xiao (24)",
            "properties": {},
            "px": 69.8000030517578,
            "py": 80.5999984741211,
            "radius": 42,
            "scale": 1,
            "angle": 0
        },
        {
            "id": 235,
            "type": 4,
            "layer": 1,
            "description": "hong_da (5)",
            "properties": {},
            "px": 8.61999988555908,
            "py": 59.4000015258789,
            "radius": 380,
            "scale": 1,
            "angle": 0
        },
        {
            "id": 236,
            "type": 10,
            "layer": 1,
            "description": "dong_da (10)",
            "properties": {},
            "px": 11.6000003814697,
            "py": 18.7000007629395,
            "radius": 73,
            "scale": 1,
            "angle": 0
        },
        {
            "id": 237,
            "type": 1,
            "layer": 1,
            "description": "dashu (56)",
            "properties": {},
            "px": 22,
            "py": 83.3000030517578,
            "radius": 380,
            "scale": 1,
            "angle": 0
        },
        {
            "id": 238,
            "type": 10,
            "layer": 1,
            "description": "dong_da (14)",
            "properties": {},
            "px": 27.9500007629395,
            "py": 59.9500007629395,
            "radius": 73,
            "scale": 1,
            "angle": 0
        },
        {
            "id": 239,
            "type": 1,
            "layer": 1,
            "description": "dashu (52)",
            "properties": {},
            "px": 10.1000003814697,
            "py": 67.5,
            "radius": 380,
            "scale": 1,
            "angle": 0
        },
        {
            "id": 240,
            "type": 11,
            "layer": 1,
            "description": "dong_xiao (20)",
            "properties": {},
            "px": 21.2999992370605,
            "py": 5.30000019073486,
            "radius": 42,
            "scale": 1,
            "angle": 0
        },
        {
            "id": 241,
            "type": 53,
            "layer": 1,
            "description": "hubo18 (1)",
            "properties": {},
            "px": 66.5,
            "py": 21.3999996185303,
            "radius": 1080,
            "scale": 1,
            "angle": 0
        },
        {
            "id": 242,
            "type": 101,
            "layer": 1,
            "description": "mogu (20)",
            "properties": {
                "ballType": 21,
                "birthTime": 5,
                "birthMax": 2
            },
            "px": 62.5,
            "py": 14.5,
            "radius": 570,
            "scale": 1.5,
            "angle": 0
        },
        {
            "id": 243,
            "type": 5,
            "layer": 1,
            "description": "lan_da (12)",
            "properties": {},
            "px": 54.2000007629395,
            "py": 29.2000007629395,
            "radius": 380,
            "scale": 1,
            "angle": 0
        },
        {
            "id": 244,
            "type": 10,
            "layer": 1,
            "description": "dong_da (20)",
            "properties": {},
            "px": 18.6000003814697,
            "py": 86.4000015258789,
            "radius": 73,
            "scale": 1,
            "angle": 0
        },
        {
            "id": 245,
            "type": 101,
            "layer": 1,
            "description": "mogu (13)",
            "properties": {
                "ballType": 21,
                "birthTime": 5,
                "birthMax": 4
            },
            "px": 58,
            "py": 78.5999984741211,
            "radius": 570,
            "scale": 1.5,
            "angle": 0
        },
        {
            "id": 246,
            "type": 57,
            "layer": 1,
            "description": "nididi",
            "properties": {},
            "px": 19.5,
            "py": 75.8000030517578,
            "radius": 380,
            "scale": 1,
            "angle": 0
        },
        {
            "id": 247,
            "type": 4,
            "layer": 1,
            "description": "hong_da (14)",
            "properties": {},
            "px": 32.4000015258789,
            "py": 31,
            "radius": 380,
            "scale": 1,
            "angle": 0
        },
        {
            "id": 248,
            "type": 1,
            "layer": 1,
            "description": "dashu (5)",
            "properties": {},
            "px": 31,
            "py": 72.9000015258789,
            "radius": 380,
            "scale": 1,
            "angle": 0
        },
        {
            "id": 249,
            "type": 5,
            "layer": 1,
            "description": "lan_da (6)",
            "properties": {},
            "px": 77.1999969482422,
            "py": 8.89999961853027,
            "radius": 380,
            "scale": 1,
            "angle": 0
        },
        {
            "id": 250,
            "type": 54,
            "layer": 1,
            "description": "nidi8",
            "properties": {},
            "px": 75.0999984741211,
            "py": 67.5,
            "radius": 680,
            "scale": 1,
            "angle": 0
        },
        {
            "id": 251,
            "type": 101,
            "layer": 1,
            "description": "hongmogu (5)",
            "properties": {
                "ballType": 22,
                "birthTime": 5,
                "birthMax": 3
            },
            "px": 66.5,
            "py": 22.3999996185303,
            "radius": 1216.00001811981,
            "scale": 3.20000004768372,
            "angle": 0
        },
        {
            "id": 252,
            "type": 5,
            "layer": 1,
            "description": "lan_da",
            "properties": {},
            "px": 74.1999969482422,
            "py": 69.5,
            "radius": 380,
            "scale": 1,
            "angle": 0
        },
        {
            "id": 253,
            "type": 101,
            "layer": 1,
            "description": "fupin (1)",
            "properties": {
                "ballType": 24,
                "birthTime": 5,
                "birthMax": 4
            },
            "px": 28.2999992370605,
            "py": 40,
            "radius": 531.999990940094,
            "scale": 1.39999997615814,
            "angle": 0
        },
        {
            "id": 254,
            "type": 4,
            "layer": 1,
            "description": "hong_da (18)",
            "properties": {},
            "px": 4.5,
            "py": 44.7999992370605,
            "radius": 380,
            "scale": 1,
            "angle": 0
        },
        {
            "id": 255,
            "type": 55,
            "layer": 1,
            "description": "xiaodao",
            "properties": {},
            "px": 58,
            "py": 78.6999969482422,
            "radius": 542,
            "scale": 1,
            "angle": 0
        },
        {
            "id": 256,
            "type": 101,
            "layer": 1,
            "description": "mogu (11)",
            "properties": {
                "ballType": 21,
                "birthTime": 5,
                "birthMax": 2
            },
            "px": 19.7000007629395,
            "py": 47.0999984741211,
            "radius": 570,
            "scale": 1.5,
            "angle": 0
        },
        {
            "id": 257,
            "type": 5,
            "layer": 1,
            "description": "lan_da (13)",
            "properties": {},
            "px": 34.3499984741211,
            "py": 45.7000007629395,
            "radius": 380,
            "scale": 1,
            "angle": 0
        },
        {
            "id": 258,
            "type": 1,
            "layer": 1,
            "description": "dashu (24)",
            "properties": {},
            "px": 27.7000007629395,
            "py": 35.0999984741211,
            "radius": 380,
            "scale": 1,
            "angle": 0
        },
        {
            "id": 259,
            "type": 101,
            "layer": 1,
            "description": "fupin (9)",
            "properties": {
                "ballType": 24,
                "birthTime": 5,
                "birthMax": 3
            },
            "px": 61.9000015258789,
            "py": 25.2000007629395,
            "radius": 456.000018119812,
            "scale": 1.20000004768372,
            "angle": 0
        },
        {
            "id": 260,
            "type": 56,
            "layer": 1,
            "description": "huposhadi (5)",
            "properties": {},
            "px": 61.4000015258789,
            "py": 16.2999992370605,
            "radius": 380,
            "scale": 1,
            "angle": 2.4796199798584
        },
        {
            "id": 261,
            "type": 4,
            "layer": 1,
            "description": "hong_da (11)",
            "properties": {},
            "px": 77.5,
            "py": 35.9000015258789,
            "radius": 380,
            "scale": 1,
            "angle": 0
        },
        {
            "id": 262,
            "type": 11,
            "layer": 1,
            "description": "dong_xiao (14)",
            "properties": {},
            "px": 63.2999992370605,
            "py": 43.0999984741211,
            "radius": 42,
            "scale": 1,
            "angle": 0
        },
        {
            "id": 263,
            "type": 54,
            "layer": 1,
            "description": "nidi15",
            "properties": {},
            "px": 35.5999984741211,
            "py": 61.5,
            "radius": 680,
            "scale": 1,
            "angle": 0
        },
        {
            "id": 264,
            "type": 56,
            "layer": 1,
            "description": "huposhadi (15)",
            "properties": {},
            "px": 58.2000007629395,
            "py": 72.0999984741211,
            "radius": 380,
            "scale": 1,
            "angle": 2.76068997383118
        },
        {
            "id": 265,
            "type": 53,
            "layer": 1,
            "description": "hupo1",
            "properties": {},
            "px": 19.6000003814697,
            "py": 47.4000015258789,
            "radius": 1080,
            "scale": 1,
            "angle": 0
        },
        {
            "id": 266,
            "type": 5,
            "layer": 1,
            "description": "lan_da (2)",
            "properties": {},
            "px": 36.2000007629395,
            "py": 61.2999992370605,
            "radius": 380,
            "scale": 1,
            "angle": 0
        },
        {
            "id": 267,
            "type": 56,
            "layer": 1,
            "description": "huposhadi (10)",
            "properties": {},
            "px": 23.2000007629395,
            "py": 45.4000015258789,
            "radius": 380,
            "scale": 1,
            "angle": 5.64158630371094
        },
        {
            "id": 268,
            "type": 54,
            "layer": 1,
            "description": "nidi9",
            "properties": {},
            "px": 44.2000007629395,
            "py": 30.8999996185303,
            "radius": 680,
            "scale": 1,
            "angle": 0
        },
        {
            "id": 269,
            "type": 11,
            "layer": 1,
            "description": "dong_xiao (4)",
            "properties": {},
            "px": 78.3000030517578,
            "py": 24.7000007629395,
            "radius": 42,
            "scale": 1,
            "angle": 0
        },
        {
            "id": 270,
            "type": 101,
            "layer": 1,
            "description": "hongmogu (1)",
            "properties": {
                "ballType": 22,
                "birthTime": 5,
                "birthMax": 2
            },
            "px": 74,
            "py": 66,
            "radius": 304.000004529953,
            "scale": 0.800000011920929,
            "angle": 0
        },
        {
            "id": 271,
            "type": 57,
            "layer": 1,
            "description": "nididi (19)",
            "properties": {},
            "px": 72.0999984741211,
            "py": 67.1999969482422,
            "radius": 380,
            "scale": 1,
            "angle": 0
        },
        {
            "id": 272,
            "type": 5,
            "layer": 1,
            "description": "lan_da (9)",
            "properties": {},
            "px": 14.1999998092651,
            "py": 12.5,
            "radius": 380,
            "scale": 1,
            "angle": 0
        },
        {
            "id": 273,
            "type": 4,
            "layer": 1,
            "description": "hong_da (17)",
            "properties": {},
            "px": 51,
            "py": 21.2999992370605,
            "radius": 380,
            "scale": 1,
            "angle": 0
        },
        {
            "id": 274,
            "type": 1,
            "layer": 1,
            "description": "dashu (17)",
            "properties": {},
            "px": 5.42000007629395,
            "py": 33.3899993896484,
            "radius": 380,
            "scale": 1,
            "angle": 0
        },
        {
            "id": 275,
            "type": 4,
            "layer": 1,
            "description": "hong_da (12)",
            "properties": {},
            "px": 63.2000007629395,
            "py": 7.30000019073486,
            "radius": 380,
            "scale": 1,
            "angle": 0
        },
        {
            "id": 276,
            "type": 5,
            "layer": 1,
            "description": "lan_da (17)",
            "properties": {},
            "px": 46.2000007629395,
            "py": 85.5,
            "radius": 380,
            "scale": 1,
            "angle": 0
        },
        {
            "id": 277,
            "type": 11,
            "layer": 1,
            "description": "dong_xiao (22)",
            "properties": {},
            "px": 86.3000030517578,
            "py": 59.0999984741211,
            "radius": 42,
            "scale": 1,
            "angle": 0
        },
        {
            "id": 278,
            "type": 1,
            "layer": 1,
            "description": "dashu (45)",
            "properties": {},
            "px": 53.5,
            "py": 4,
            "radius": 380,
            "scale": 1,
            "angle": 0
        },
        {
            "id": 279,
            "type": 57,
            "layer": 1,
            "description": "nididi (14)",
            "properties": {},
            "px": 45,
            "py": 27,
            "radius": 380,
            "scale": 1,
            "angle": 0
        },
        {
            "id": 280,
            "type": 56,
            "layer": 1,
            "description": "huposhadi (9)",
            "properties": {},
            "px": 26,
            "py": 39.2999992370605,
            "radius": 380,
            "scale": 1,
            "angle": 1.82420241832733
        },
        {
            "id": 281,
            "type": 57,
            "layer": 1,
            "description": "nididi (12)",
            "properties": {},
            "px": 44.2000007629395,
            "py": 30.8999996185303,
            "radius": 380,
            "scale": 1,
            "angle": 0
        },
        {
            "id": 282,
            "type": 56,
            "layer": 1,
            "description": "huposhadi (4)",
            "properties": {},
            "px": 61.0999984741211,
            "py": 22,
            "radius": 380,
            "scale": 1,
            "angle": 2.4796199798584
        },
        {
            "id": 283,
            "type": 101,
            "layer": 1,
            "description": "mogu (7)",
            "properties": {
                "ballType": 21,
                "birthTime": 5,
                "birthMax": 3
            },
            "px": 45.4000015258789,
            "py": 25.2999992370605,
            "radius": 304.000004529953,
            "scale": 0.800000011920929,
            "angle": 0
        },
        {
            "id": 284,
            "type": 10,
            "layer": 1,
            "description": "dong_da (19)",
            "properties": {},
            "px": 79.1999969482422,
            "py": 85.3000030517578,
            "radius": 73,
            "scale": 1,
            "angle": 0
        },
        {
            "id": 285,
            "type": 101,
            "layer": 1,
            "description": "mogu (15)",
            "properties": {
                "ballType": 21,
                "birthTime": 5,
                "birthMax": 3
            },
            "px": 21.7000007629395,
            "py": 72.5,
            "radius": 380,
            "scale": 1,
            "angle": 0
        },
        {
            "id": 286,
            "type": 55,
            "layer": 1,
            "description": "xiaodao (1)",
            "properties": {},
            "px": 18.2000007629395,
            "py": 41.5999984741211,
            "radius": 542,
            "scale": 1,
            "angle": 0
        },
        {
            "id": 287,
            "type": 54,
            "layer": 1,
            "description": "nidi19",
            "properties": {},
            "px": 74,
            "py": 69.3000030517578,
            "radius": 680,
            "scale": 1,
            "angle": 0
        },
        {
            "id": 288,
            "type": 1,
            "layer": 1,
            "description": "dashu (6)",
            "properties": {},
            "px": 15.5900001525879,
            "py": 77.3099975585938,
            "radius": 380,
            "scale": 1,
            "angle": 0
        },
        {
            "id": 289,
            "type": 11,
            "layer": 1,
            "description": "dong_xiao (26)",
            "properties": {},
            "px": 86.6999969482422,
            "py": 19.8999996185303,
            "radius": 42,
            "scale": 1,
            "angle": 0
        },
        {
            "id": 290,
            "type": 1,
            "layer": 1,
            "description": "dashu (28)",
            "properties": {},
            "px": 39.9000015258789,
            "py": 80.0999984741211,
            "radius": 380,
            "scale": 1,
            "angle": 0
        },
        {
            "id": 291,
            "type": 10,
            "layer": 1,
            "description": "dong_da (15)",
            "properties": {},
            "px": 77.0999984741211,
            "py": 53.7999992370605,
            "radius": 73,
            "scale": 1,
            "angle": 0
        },
        {
            "id": 292,
            "type": 101,
            "layer": 1,
            "description": "mogu_da2 (2)",
            "properties": {
                "ballType": 23,
                "birthTime": 20,
                "birthMax": 1
            },
            "px": 56.5,
            "py": 75.0999984741211,
            "radius": 1140,
            "scale": 3,
            "angle": 0
        },
        {
            "id": 293,
            "type": 101,
            "layer": 1,
            "description": "mogu (28)",
            "properties": {
                "ballType": 21,
                "birthTime": 5,
                "birthMax": 4
            },
            "px": 20.7000007629395,
            "py": 22.3999996185303,
            "radius": 190,
            "scale": 0.5,
            "angle": 0
        }
    ]
}