{
    "title": "1002",
    "size": 75,
    "nodes": [
        {
            "id": 1,
            "type": 1,
            "layer": 1,
            "description": "dashu (39)",
            "properties": {},
            "px": 10.25,
            "py": 10.25,
            "radius": 0.25,
            "scale": 1,
            "angle": 0
        },
        {
            "id": 2,
            "type": 1,
            "layer": 1,
            "description": "dashu (39)",
            "properties": {},
            "px": 20.25,
            "py": 20.25,
            "radius": 0.25,
            "scale": 1,
            "angle": 0
        },
        {
            "id": 3,
            "type": 1,
            "layer": 1,
            "description": "dashu (39)",
            "properties": {},
            "px": 30.25,
            "py": 30.25,
            "radius": 0.25,
            "scale": 1,
            "angle": 0
        },
        {
            "id": 4,
            "type": 1,
            "layer": 1,
            "description": "dashu (39)",
            "properties": {},
            "px": 40.25,
            "py": 40.25,
            "radius": 0.25,
            "scale": 1,
            "angle": 0
        },
        {
            "id": 5,
            "type": 1,
            "layer": 1,
            "description": "dashu (39)",
            "properties": {},
            "px": 50.25,
            "py": 50.25,
            "radius": 0.25,
            "scale": 1,
            "angle": 0
        },
        {
            "id": 6,
            "type": 1,
            "layer": 1,
            "description": "dashu (39)",
            "properties": {},
            "px": 60.25,
            "py": 60.25,
            "radius": 0.25,
            "scale": 1,
            "angle": 0
        },
        {
            "id": 7,
            "type": 1,
            "layer": 1,
            "description": "dashu (39)",
            "properties": {},
            "px": 70.25,
            "py": 70.25,
            "radius": 0.25,
            "scale": 1,
            "angle": 0
        },
        {
            "id": 8,
            "type": 1,
            "layer": 1,
            "description": "dashu (39)",
            "properties": {},
            "px": 70.25,
            "py": 10.25,
            "radius": 0.25,
            "scale": 1,
            "angle": 0
        },
        {
            "id": 9,
            "type": 1,
            "layer": 1,
            "description": "dashu (39)",
            "properties": {},
            "px": 60.25,
            "py": 20.25,
            "radius": 0.25,
            "scale": 1,
            "angle": 0
        },
        {
            "id": 10,
            "type": 1,
            "layer": 1,
            "description": "dashu (39)",
            "properties": {},
            "px": 50.25,
            "py": 30.25,
            "radius": 0.25,
            "scale": 1,
            "angle": 0
        },
        {
            "id": 11,
            "type": 1,
            "layer": 1,
            "description": "dashu (39)",
            "properties": {},
            "px": 30.25,
            "py": 50.25,
            "radius": 0.25,
            "scale": 1,
            "angle": 0
        },
        {
            "id": 12,
            "type": 1,
            "layer": 1,
            "description": "dashu (39)",
            "properties": {},
            "px": 20.25,
            "py": 60.25,
            "radius": 0.25,
            "scale": 1,
            "angle": 0
        },
        {
            "id": 13,
            "type": 1,
            "layer": 1,
            "description": "dashu (39)",
            "properties": {},
            "px": 10.25,
            "py": 70.25,
            "radius": 0.25,
            "scale": 1,
            "angle": 0
        },
        {
            "id": 14,
            "type": 1,
            "layer": 1,
            "description": "dashu (39)",
            "properties": {},
            "px": 10.25,
            "py": 40.25,
            "radius": 0.25,
            "scale": 1,
            "angle": 0
        },
        {
            "id": 15,
            "type": 1,
            "layer": 1,
            "description": "dashu (39)",
            "properties": {},
            "px": 20.25,
            "py": 40.25,
            "radius": 0.25,
            "scale": 1,
            "angle": 0
        },
        {
            "id": 16,
            "type": 1,
            "layer": 1,
            "description": "dashu (39)",
            "properties": {},
            "px": 30.25,
            "py": 40.25,
            "radius": 0.25,
            "scale": 1,
            "angle": 0
        },
        {
            "id": 17,
            "type": 1,
            "layer": 1,
            "description": "dashu (39)",
            "properties": {},
            "px": 50.25,
            "py": 40.25,
            "radius": 0.25,
            "scale": 1,
            "angle": 0
        },
        {
            "id": 18,
            "type": 1,
            "layer": 1,
            "description": "dashu (39)",
            "properties": {},
            "px": 60.25,
            "py": 40.25,
            "radius": 0.25,
            "scale": 1,
            "angle": 0
        },
        {
            "id": 19,
            "type": 1,
            "layer": 1,
            "description": "dashu (39)",
            "properties": {},
            "px": 70.25,
            "py": 40.25,
            "radius": 0.25,
            "scale": 1,
            "angle": 0
        },
        {
            "id": 20,
            "type": 1,
            "layer": 1,
            "description": "dashu (39)",
            "properties": {},
            "px": 0.75,
            "py": 0.75,
            "radius": 0.25,
            "scale": 1,
            "angle": 0
        },
        {
            "id": 21,
            "type": 1,
            "layer": 1,
            "description": "dashu (39)",
            "properties": {},
            "px": 1.25,
            "py": 0.75,
            "radius": 0.25,
            "scale": 1,
            "angle": 0
        },
        {
            "id": 22,
            "type": 1,
            "layer": 1,
            "description": "dashu (39)",
            "properties": {},
            "px": 1.75,
            "py": 0.75,
            "radius": 0.25,
            "scale": 1,
            "angle": 0
        },
        {
            "id": 23,
            "type": 1,
            "layer": 1,
            "description": "dashu (39)",
            "properties": {},
            "px": 2.25,
            "py": 0.75,
            "radius": 0.25,
            "scale": 1,
            "angle": 0
        },
        {
            "id": 24,
            "type": 1,
            "layer": 1,
            "description": "dashu (39)",
            "properties": {},
            "px": 2.75,
            "py": 0.75,
            "radius": 0.25,
            "scale": 1,
            "angle": 0
        },
        {
            "id": 25,
            "type": 1,
            "layer": 1,
            "description": "dashu (39)",
            "properties": {},
            "px": 3.25,
            "py": 0.75,
            "radius": 0.25,
            "scale": 1,
            "angle": 0
        },
        {
            "id": 26,
            "type": 1,
            "layer": 1,
            "description": "dashu (39)",
            "properties": {},
            "px": 3.75,
            "py": 0.75,
            "radius": 0.25,
            "scale": 1,
            "angle": 0
        },
        {
            "id": 27,
            "type": 1,
            "layer": 1,
            "description": "dashu (39)",
            "properties": {},
            "px": 4.25,
            "py": 0.75,
            "radius": 0.25,
            "scale": 1,
            "angle": 0
        }
    ]
}