{"title":"1003","size":90,"nodes":[{"id":1,"type":58,"layer":1,"description":"yangliu (22)","properties":{},"px":45.5499992370605,"py":51.8499984741211,"radius":380.0,"scale":1.0,"angle":0.0},{"id":2,"type":4,"layer":1,"description":"hong_da (17)","properties":{},"px":54.0999984741211,"py":65.9000015258789,"radius":380.0,"scale":1.0,"angle":0.0},{"id":3,"type":58,"layer":1,"description":"yangliu (17)","properties":{},"px":66.4700012207031,"py":49.25,"radius":380.0,"scale":1.0,"angle":0.0},{"id":4,"type":58,"layer":1,"description":"yangliu (23)","properties":{},"px":40.9900016784668,"py":34.0499992370605,"radius":380.0,"scale":1.0,"angle":0.0},{"id":5,"type":101,"layer":1,"description":"4 (7)","properties":{"ballType":27,"birthTime":5.0,"birthMax":2.0},"px":41.2200012207031,"py":29.6900005340576,"radius":456.000018119812,"scale":1.20000004768372,"angle":0.0},{"id":6,"type":1,"layer":1,"description":"anjiao (1)","properties":{},"px":46.7000007629395,"py":24.7999992370605,"radius":380.0,"scale":1.0,"angle":0.0},{"id":7,"type":101,"layer":1,"description":"4 (5)","properties":{"ballType":27,"birthTime":5.0,"birthMax":2.0},"px":46.2099990844727,"py":45.9900016784668,"radius":456.000018119812,"scale":1.20000004768372,"angle":0.0},{"id":8,"type":55,"layer":1,"description":"island (19)","properties":{},"px":6.5,"py":69.0999984741211,"radius":542.0,"scale":1.0,"angle":0.0},{"id":9,"type":10,"layer":1,"description":"dong_da (16)","properties":{},"px":56.0999984741211,"py":35.2999992370605,"radius":73.0,"scale":1.0,"angle":0.0},{"id":10,"type":58,"layer":1,"description":"yangliu (48)","properties":{},"px":66.6800003051758,"py":21.1700000762939,"radius":380.0,"scale":1.0,"angle":0.0},{"id":11,"type":1,"layer":1,"description":"anjiao (2)","properties":{},"px":29.2999992370605,"py":36.5,"radius":380.0,"scale":1.0,"angle":0.0},{"id":12,"type":55,"layer":1,"description":"island (3)","properties":{},"px":57.4000015258789,"py":53.2000007629395,"radius":542.0,"scale":1.0,"angle":0.0},{"id":13,"type":101,"layer":1,"description":"4 (9)","properties":{"ballType":27,"birthTime":5.0,"birthMax":2.0},"px":22.3600006103516,"py":19.3400001525879,"radius":456.000018119812,"scale":1.20000004768372,"angle":0.0},{"id":14,"type":101,"layer":1,"description":"4 (22)","properties":{"ballType":26,"birthTime":5.0,"birthMax":4.0},"px":40.9900016784668,"py":33.75,"radius":456.000018119812,"scale":1.20000004768372,"angle":0.0},{"id":15,"type":1,"layer":1,"description":"dashu (6)","properties":{},"px":12.8999996185303,"py":78.629997253418,"radius":380.0,"scale":1.0,"angle":0.0},{"id":16,"type":1,"layer":1,"description":"anjiao (18)","properties":{},"px":82.5999984741211,"py":13.1000003814697,"radius":380.0,"scale":1.0,"angle":0.0},{"id":17,"type":101,"layer":1,"description":"4 (3)","properties":{"ballType":27,"birthTime":5.0,"birthMax":2.0},"px":72.120002746582,"py":71.2699966430664,"radius":570.0,"scale":1.5,"angle":0.0},{"id":18,"type":101,"layer":1,"description":"4 (14)","properties":{"ballType":26,"birthTime":5.0,"birthMax":4.0},"px":67.8399963378906,"py":69.879997253418,"radius":493.999981880188,"scale":1.29999995231628,"angle":0.0},{"id":19,"type":58,"layer":1,"description":"yangliu (44)","properties":{},"px":22.1599998474121,"py":19.8600006103516,"radius":380.0,"scale":1.0,"angle":0.0},{"id":20,"type":58,"layer":1,"description":"yangliu (20)","properties":{},"px":45.9000015258789,"py":46.7799987792969,"radius":380.0,"scale":1.0,"angle":0.0},{"id":21,"type":4,"layer":1,"description":"hong_da (23)","properties":{},"px":58.9000015258789,"py":6.0,"radius":380.0,"scale":1.0,"angle":0.0},{"id":22,"type":1,"layer":1,"description":"anjiao (10)","properties":{},"px":47.5999984741211,"py":4.40000009536743,"radius":380.0,"scale":1.0,"angle":0.0},{"id":23,"type":10,"layer":1,"description":"dong_da (5)","properties":{},"px":28.0,"py":18.7000007629395,"radius":73.0,"scale":1.0,"angle":0.0},{"id":24,"type":53,"layer":1,"description":"haiyang (1)","properties":{},"px":43.5999984741211,"py":45.5999984741211,"radius":12960.0,"scale":12.0,"angle":0.0},{"id":25,"type":11,"layer":1,"description":"dong_xiao (5)","properties":{},"px":19.5599994659424,"py":24.3400001525879,"radius":42.0,"scale":1.0,"angle":0.0},{"id":26,"type":1,"layer":1,"description":"dashu (23)","properties":{},"px":66.5500030517578,"py":53.8800010681152,"radius":380.0,"scale":1.0,"angle":0.0},{"id":27,"type":10,"layer":1,"description":"dong_da (12)","properties":{},"px":25.6000003814697,"py":30.7000007629395,"radius":73.0,"scale":1.0,"angle":0.0},{"id":28,"type":58,"layer":1,"description":"yangliu (18)","properties":{},"px":71.7900009155273,"py":50.25,"radius":380.0,"scale":1.0,"angle":0.0},{"id":29,"type":101,"layer":1,"description":"4 (6)","properties":{"ballType":27,"birthTime":5.0,"birthMax":2.0},"px":69.0999984741211,"py":49.310001373291,"radius":418.000009059906,"scale":1.10000002384186,"angle":0.0},{"id":30,"type":11,"layer":1,"description":"dong_xiao (8)","properties":{},"px":48.8300018310547,"py":47.25,"radius":42.0,"scale":1.0,"angle":0.0},{"id":31,"type":11,"layer":1,"description":"dong_xiao (6)","properties":{},"px":32.0,"py":55.7000007629395,"radius":42.0,"scale":1.0,"angle":0.0},{"id":32,"type":1,"layer":1,"description":"anjiao (12)","properties":{},"px":4.80000019073486,"py":24.2999992370605,"radius":380.0,"scale":1.0,"angle":0.0},{"id":33,"type":58,"layer":1,"description":"yangliu (9)","properties":{},"px":72.4499969482422,"py":71.5100021362305,"radius":380.0,"scale":1.0,"angle":0.0},{"id":34,"type":4,"layer":1,"description":"hong_da (12)","properties":{},"px":57.2000007629395,"py":12.6999998092651,"radius":380.0,"scale":1.0,"angle":0.0},{"id":35,"type":4,"layer":1,"description":"hong_da (29)","properties":{},"px":85.5,"py":68.8000030517578,"radius":380.0,"scale":1.0,"angle":0.0},{"id":36,"type":58,"layer":1,"description":"yangliu (2)","properties":{},"px":33.4799995422363,"py":64.0,"radius":380.0,"scale":1.0,"angle":0.0},{"id":37,"type":101,"layer":1,"description":"4 (13)","properties":{"ballType":26,"birthTime":5.0,"birthMax":4.0},"px":50.1599998474121,"py":75.4100036621094,"radius":570.0,"scale":1.5,"angle":0.0},{"id":38,"type":4,"layer":1,"description":"hong_da (6)","properties":{},"px":23.2999992370605,"py":68.9000015258789,"radius":380.0,"scale":1.0,"angle":0.0},{"id":39,"type":11,"layer":1,"description":"dong_xiao (13)","properties":{},"px":40.5999984741211,"py":11.3000001907349,"radius":42.0,"scale":1.0,"angle":0.0},{"id":40,"type":4,"layer":1,"description":"hong_da (10)","properties":{},"px":72.1999969482422,"py":78.8000030517578,"radius":380.0,"scale":1.0,"angle":0.0},{"id":41,"type":4,"layer":1,"description":"hong_da (21)","properties":{},"px":84.0999984741211,"py":81.9000015258789,"radius":380.0,"scale":1.0,"angle":0.0},{"id":42,"type":11,"layer":1,"description":"dong_xiao (24)","properties":{},"px":77.4000015258789,"py":79.0999984741211,"radius":42.0,"scale":1.0,"angle":0.0},{"id":43,"type":1,"layer":1,"description":"anjiao (5)","properties":{},"px":50.0,"py":67.8000030517578,"radius":380.0,"scale":1.0,"angle":0.0},{"id":44,"type":58,"layer":1,"description":"yangliu (38)","properties":{},"px":17.4899997711182,"py":40.9000015258789,"radius":380.0,"scale":1.0,"angle":0.0},{"id":45,"type":101,"layer":1,"description":"4 (15)","properties":{"ballType":26,"birthTime":5.0,"birthMax":4.0},"px":76.2699966430664,"py":73.6500015258789,"radius":570.0,"scale":1.5,"angle":0.0},{"id":46,"type":101,"layer":1,"description":"4 (29)","properties":{"ballType":26,"birthTime":5.0,"birthMax":4.0},"px":17.2600002288818,"py":18.6399993896484,"radius":304.000004529953,"scale":0.800000011920929,"angle":0.0},{"id":47,"type":55,"layer":1,"description":"island (12)","properties":{},"px":18.6499996185303,"py":46.4099998474121,"radius":542.0,"scale":1.0,"angle":0.0},{"id":48,"type":4,"layer":1,"description":"hong_da (14)","properties":{},"px":31.3999996185303,"py":32.2000007629395,"radius":380.0,"scale":1.0,"angle":0.0},{"id":49,"type":55,"layer":1,"description":"island (18)","properties":{},"px":79.8000030517578,"py":56.2000007629395,"radius":542.0,"scale":1.0,"angle":0.0},{"id":50,"type":1,"layer":1,"description":"dashu (40)","properties":{},"px":76.5999984741211,"py":66.0999984741211,"radius":380.0,"scale":1.0,"angle":0.0},{"id":51,"type":58,"layer":1,"description":"yangliu (47)","properties":{},"px":63.7900009155273,"py":24.7399997711182,"radius":380.0,"scale":1.0,"angle":0.0},{"id":52,"type":10,"layer":1,"description":"dong_da (3)","properties":{},"px":37.0,"py":39.2000007629395,"radius":73.0,"scale":1.0,"angle":0.0},{"id":53,"type":4,"layer":1,"description":"hong_da (11)","properties":{},"px":74.6999969482422,"py":37.4000015258789,"radius":380.0,"scale":1.0,"angle":0.0},{"id":54,"type":1,"layer":1,"description":"anjiao (16)","properties":{},"px":76.8000030517578,"py":84.4000015258789,"radius":380.0,"scale":1.0,"angle":0.0},{"id":55,"type":55,"layer":1,"description":"island (15)","properties":{},"px":59.5,"py":69.5,"radius":542.0,"scale":1.0,"angle":0.0},{"id":56,"type":4,"layer":1,"description":"hong_da (4)","properties":{},"px":13.3000001907349,"py":25.7000007629395,"radius":380.0,"scale":1.0,"angle":0.0},{"id":57,"type":4,"layer":1,"description":"hong_da (5)","properties":{},"px":11.8000001907349,"py":59.7999992370605,"radius":380.0,"scale":1.0,"angle":0.0},{"id":58,"type":55,"layer":1,"description":"island (8)","properties":{},"px":16.2000007629395,"py":63.7999992370605,"radius":542.0,"scale":1.0,"angle":0.0},{"id":59,"type":58,"layer":1,"description":"yangliu (39)","properties":{},"px":15.4099998474121,"py":45.8800010681152,"radius":380.0,"scale":1.0,"angle":0.0},{"id":60,"type":10,"layer":1,"description":"dong_da","properties":{},"px":18.5499992370605,"py":70.4000015258789,"radius":73.0,"scale":1.0,"angle":0.0},{"id":61,"type":4,"layer":1,"description":"hong_da (19)","properties":{},"px":27.8999996185303,"py":80.8000030517578,"radius":380.0,"scale":1.0,"angle":0.0},{"id":62,"type":58,"layer":1,"description":"yangliu (21)","properties":{},"px":50.8899993896484,"py":50.6199989318848,"radius":380.0,"scale":1.0,"angle":0.0},{"id":63,"type":58,"layer":1,"description":"yangliu (8)","properties":{},"px":67.879997253418,"py":70.3499984741211,"radius":380.0,"scale":1.0,"angle":0.0},{"id":64,"type":4,"layer":1,"description":"hong_da (25)","properties":{},"px":5.90000009536743,"py":82.8000030517578,"radius":380.0,"scale":1.0,"angle":0.0},{"id":65,"type":101,"layer":1,"description":"4 (23)","properties":{"ballType":26,"birthTime":5.0,"birthMax":4.0},"px":37.2299995422363,"py":27.5599994659424,"radius":456.000018119812,"scale":1.20000004768372,"angle":0.0},{"id":66,"type":55,"layer":1,"description":"island (11)","properties":{},"px":19.0,"py":60.2000007629395,"radius":542.0,"scale":1.0,"angle":0.0},{"id":67,"type":101,"layer":1,"description":"4 (20)","properties":{"ballType":26,"birthTime":5.0,"birthMax":4.0},"px":65.9599990844727,"py":48.9199981689453,"radius":304.000004529953,"scale":0.800000011920929,"angle":0.0},{"id":68,"type":1,"layer":1,"description":"dashu (5)","properties":{},"px":28.2000007629395,"py":74.4000015258789,"radius":380.0,"scale":1.0,"angle":0.0},{"id":69,"type":1,"layer":1,"description":"dashu (29)","properties":{},"px":16.8999996185303,"py":85.6999969482422,"radius":380.0,"scale":1.0,"angle":0.0},{"id":70,"type":1,"layer":1,"description":"anjiao (4)","properties":{},"px":68.1999969482422,"py":34.2000007629395,"radius":380.0,"scale":1.0,"angle":0.0},{"id":71,"type":55,"layer":1,"description":"island (16)","properties":{},"px":24.2999992370605,"py":6.5,"radius":542.0,"scale":1.0,"angle":0.0},{"id":72,"type":4,"layer":1,"description":"hong_da (18)","properties":{},"px":9.89999961853027,"py":45.0999984741211,"radius":380.0,"scale":1.0,"angle":0.0},{"id":73,"type":10,"layer":1,"description":"dong_da (10)","properties":{},"px":8.80000019073486,"py":20.2000007629395,"radius":73.0,"scale":1.0,"angle":0.0},{"id":74,"type":10,"layer":1,"description":"dong_da (4)","properties":{},"px":69.5999984741211,"py":39.4000015258789,"radius":73.0,"scale":1.0,"angle":0.0},{"id":75,"type":101,"layer":1,"description":"4 (1)","properties":{"ballType":27,"birthTime":5.0,"birthMax":2.0},"px":45.7299995422363,"py":75.0599975585938,"radius":570.0,"scale":1.5,"angle":0.0},{"id":76,"type":1,"layer":1,"description":"anjiao (7)","properties":{},"px":10.8000001907349,"py":13.6999998092651,"radius":380.0,"scale":1.0,"angle":0.0},{"id":77,"type":101,"layer":1,"description":"4 (2)","properties":{"ballType":27,"birthTime":5.0,"birthMax":2.0},"px":29.4500007629395,"py":61.0699996948242,"radius":570.0,"scale":1.5,"angle":0.0},{"id":78,"type":55,"layer":1,"description":"island (7)","properties":{},"px":20.2999992370605,"py":30.7999992370605,"radius":542.0,"scale":1.0,"angle":0.0},{"id":79,"type":11,"layer":1,"description":"dong_xiao (2)","properties":{},"px":35.7000007629395,"py":23.2999992370605,"radius":42.0,"scale":1.0,"angle":0.0},{"id":80,"type":1,"layer":1,"description":"anjiao (17)","properties":{},"px":83.6999969482422,"py":10.5,"radius":380.0,"scale":1.0,"angle":0.0},{"id":81,"type":11,"layer":1,"description":"dong_xiao (10)","properties":{},"px":11.3999996185303,"py":40.9000015258789,"radius":42.0,"scale":1.0,"angle":0.0},{"id":82,"type":1,"layer":1,"description":"dashu (10)","properties":{},"px":53.5999984741211,"py":44.5999984741211,"radius":380.0,"scale":1.0,"angle":0.0},{"id":83,"type":1,"layer":1,"description":"dashu (16)","properties":{},"px":30.3199996948242,"py":24.2900009155273,"radius":380.0,"scale":1.0,"angle":0.0},{"id":84,"type":11,"layer":1,"description":"dong_xiao (22)","properties":{},"px":21.2000007629395,"py":64.3000030517578,"radius":42.0,"scale":1.0,"angle":0.0},{"id":85,"type":1,"layer":1,"description":"dashu (26)","properties":{},"px":42.9000015258789,"py":14.3999996185303,"radius":380.0,"scale":1.0,"angle":0.0},{"id":86,"type":58,"layer":1,"description":"yangliu (30)","properties":{},"px":44.1599998474121,"py":79.0199966430664,"radius":380.0,"scale":1.0,"angle":0.0},{"id":87,"type":55,"layer":1,"description":"island (5)","properties":{},"px":41.7000007629395,"py":20.0,"radius":542.0,"scale":1.0,"angle":0.0},{"id":88,"type":1,"layer":1,"description":"dashu (7)","properties":{},"px":74.5999984741211,"py":62.2000007629395,"radius":380.0,"scale":1.0,"angle":0.0},{"id":89,"type":11,"layer":1,"description":"dong_xiao (25)","properties":{},"px":55.7999992370605,"py":20.7999992370605,"radius":42.0,"scale":1.0,"angle":0.0},{"id":90,"type":11,"layer":1,"description":"dong_xiao (21)","properties":{},"px":33.2000007629395,"py":43.9000015258789,"radius":42.0,"scale":1.0,"angle":0.0},{"id":91,"type":1,"layer":1,"description":"anjiao (9)","properties":{},"px":16.8299999237061,"py":22.8099994659424,"radius":380.0,"scale":1.0,"angle":0.0},{"id":92,"type":4,"layer":1,"description":"hong_da (28)","properties":{},"px":83.6999969482422,"py":50.0999984741211,"radius":380.0,"scale":1.0,"angle":0.0},{"id":93,"type":101,"layer":1,"description":"4 (24)","properties":{"ballType":26,"birthTime":5.0,"birthMax":4.0},"px":22.1900005340576,"py":41.9199981689453,"radius":456.000018119812,"scale":1.20000004768372,"angle":0.0},{"id":94,"type":101,"layer":1,"description":"4 (16)","properties":{"ballType":26,"birthTime":5.0,"birthMax":4.0},"px":33.3499984741211,"py":63.560001373291,"radius":570.0,"scale":1.5,"angle":0.0},{"id":95,"type":101,"layer":1,"description":"4 (21)","properties":{"ballType":26,"birthTime":5.0,"birthMax":4.0},"px":71.6600036621094,"py":49.5200004577637,"radius":570.0,"scale":1.5,"angle":0.0},{"id":96,"type":1,"layer":1,"description":"dashu (36)","properties":{},"px":49.5999984741211,"py":36.4000015258789,"radius":380.0,"scale":1.0,"angle":0.0},{"id":97,"type":55,"layer":1,"description":"island (13)","properties":{},"px":61.0,"py":32.5,"radius":542.0,"scale":1.0,"angle":0.0},{"id":98,"type":10,"layer":1,"description":"dong_da (7)","properties":{},"px":14.3000001907349,"py":54.5,"radius":73.0,"scale":1.0,"angle":0.0},{"id":99,"type":1,"layer":1,"description":"anjiao (14)","properties":{},"px":6.23999977111816,"py":54.8199996948242,"radius":380.0,"scale":1.0,"angle":0.0},{"id":100,"type":4,"layer":1,"description":"hong_da (22)","properties":{},"px":7.5,"py":6.59999990463257,"radius":380.0,"scale":1.0,"angle":0.0},{"id":101,"type":1,"layer":1,"description":"dashu (28)","properties":{},"px":37.0999984741211,"py":81.6999969482422,"radius":380.0,"scale":1.0,"angle":0.0},{"id":102,"type":58,"layer":1,"description":"yangliu (40)","properties":{},"px":22.2000007629395,"py":42.6599998474121,"radius":380.0,"scale":1.0,"angle":0.0},{"id":103,"type":58,"layer":1,"description":"yangliu (6)","properties":{},"px":29.8400001525879,"py":61.7599983215332,"radius":380.0,"scale":1.0,"angle":0.0},{"id":104,"type":4,"layer":1,"description":"hong_da (7)","properties":{},"px":36.7999992370605,"py":77.1999969482422,"radius":380.0,"scale":1.0,"angle":0.0},{"id":105,"type":11,"layer":1,"description":"dong_xiao (16)","properties":{},"px":23.7000007629395,"py":77.5999984741211,"radius":42.0,"scale":1.0,"angle":0.0},{"id":106,"type":101,"layer":1,"description":"4 (17)","properties":{"ballType":26,"birthTime":5.0,"birthMax":4.0},"px":26.0100002288818,"py":59.0,"radius":380.0,"scale":1.0,"angle":0.0},{"id":107,"type":4,"layer":1,"description":"hong_da (3)","properties":{},"px":74.1999969482422,"py":22.2999992370605,"radius":380.0,"scale":1.0,"angle":0.0},{"id":108,"type":101,"layer":1,"description":"4 (10)","properties":{"ballType":26,"birthTime":5.0,"birthMax":4.0},"px":11.1000003814697,"py":73.0899963378906,"radius":570.0,"scale":1.5,"angle":0.0},{"id":109,"type":11,"layer":1,"description":"dong_xiao (23)","properties":{},"px":60.5,"py":77.0999984741211,"radius":42.0,"scale":1.0,"angle":0.0},{"id":110,"type":11,"layer":1,"description":"dong_xiao (4)","properties":{},"px":72.3000030517578,"py":29.2999992370605,"radius":42.0,"scale":1.0,"angle":0.0},{"id":111,"type":1,"layer":1,"description":"dashu (18)","properties":{},"px":20.3199996948242,"py":11.1999998092651,"radius":380.0,"scale":1.0,"angle":0.0},{"id":112,"type":1,"layer":1,"description":"anjiao (19)","properties":{},"px":83.9000015258789,"py":73.5,"radius":380.0,"scale":1.0,"angle":0.0},{"id":113,"type":101,"layer":1,"description":"4 (8)","properties":{"ballType":27,"birthTime":5.0,"birthMax":2.0},"px":63.9900016784668,"py":24.4300003051758,"radius":570.0,"scale":1.5,"angle":0.0},{"id":114,"type":10,"layer":1,"description":"dong_da (9)","properties":{},"px":76.3000030517578,"py":16.5,"radius":73.0,"scale":1.0,"angle":0.0},{"id":115,"type":10,"layer":1,"description":"dong_da (6)","properties":{},"px":48.7999992370605,"py":16.3999996185303,"radius":73.0,"scale":1.0,"angle":0.0},{"id":116,"type":58,"layer":1,"description":"yangliu (5)","properties":{},"px":11.0100002288818,"py":73.4800033569336,"radius":380.0,"scale":1.0,"angle":0.0},{"id":117,"type":55,"layer":1,"description":"island (20)","properties":{},"px":42.2999992370605,"py":85.8000030517578,"radius":542.0,"scale":1.0,"angle":0.0},{"id":118,"type":58,"layer":1,"description":"yangliu (4)","properties":{},"px":16.0799999237061,"py":77.879997253418,"radius":380.0,"scale":1.0,"angle":0.0},{"id":119,"type":55,"layer":1,"description":"island (10)","properties":{},"px":62.4000015258789,"py":36.4000015258789,"radius":542.0,"scale":1.0,"angle":0.0},{"id":120,"type":4,"layer":1,"description":"hong_da (24)","properties":{},"px":5.40000009536743,"py":37.2000007629395,"radius":380.0,"scale":1.0,"angle":0.0},{"id":121,"type":11,"layer":1,"description":"dong_xiao (17)","properties":{},"px":45.5999984741211,"py":39.0999984741211,"radius":42.0,"scale":1.0,"angle":0.0},{"id":122,"type":10,"layer":1,"description":"dong_da (14)","properties":{},"px":24.7399997711182,"py":61.8400001525879,"radius":73.0,"scale":1.0,"angle":0.0},{"id":123,"type":4,"layer":1,"description":"hong_da (27)","properties":{},"px":85.1999969482422,"py":28.2000007629395,"radius":380.0,"scale":1.0,"angle":0.0},{"id":124,"type":4,"layer":1,"description":"hong_da (20)","properties":{},"px":76.5,"py":3.70000004768372,"radius":380.0,"scale":1.0,"angle":0.0},{"id":125,"type":1,"layer":1,"description":"dashu (35)","properties":{},"px":50.0999984741211,"py":59.4000015258789,"radius":380.0,"scale":1.0,"angle":0.0},{"id":126,"type":10,"layer":1,"description":"dong_da (15)","properties":{},"px":74.3000030517578,"py":55.2999992370605,"radius":73.0,"scale":1.0,"angle":0.0},{"id":127,"type":4,"layer":1,"description":"hong_da (9)","properties":{},"px":66.0,"py":58.5999984741211,"radius":380.0,"scale":1.0,"angle":0.0},{"id":128,"type":1,"layer":1,"description":"anjiao (15)","properties":{},"px":74.1999969482422,"py":86.0999984741211,"radius":380.0,"scale":1.0,"angle":0.0},{"id":129,"type":1,"layer":1,"description":"dashu (19)","properties":{},"px":75.8000030517578,"py":29.3999996185303,"radius":380.0,"scale":1.0,"angle":0.0},{"id":130,"type":58,"layer":1,"description":"yangliu (11)","properties":{},"px":75.9700012207031,"py":74.0,"radius":380.0,"scale":1.0,"angle":0.0},{"id":131,"type":10,"layer":1,"description":"dong_da (11)","properties":{},"px":25.8999996185303,"py":44.7999992370605,"radius":73.0,"scale":1.0,"angle":0.0},{"id":132,"type":101,"layer":1,"description":"4 (27)","properties":{"ballType":26,"birthTime":5.0,"birthMax":4.0},"px":66.7200012207031,"py":21.0599994659424,"radius":570.0,"scale":1.5,"angle":0.0},{"id":133,"type":101,"layer":1,"description":"4 (12)","properties":{"ballType":26,"birthTime":5.0,"birthMax":5.0},"px":44.8600006103516,"py":78.3899993896484,"radius":570.0,"scale":1.5,"angle":0.0},{"id":134,"type":1,"layer":1,"description":"anjiao (13)","properties":{},"px":4.59999990463257,"py":21.2000007629395,"radius":380.0,"scale":1.0,"angle":0.0},{"id":135,"type":1,"layer":1,"description":"dashu (27)","properties":{},"px":35.9799995422363,"py":69.4599990844727,"radius":380.0,"scale":1.0,"angle":0.0},{"id":136,"type":10,"layer":1,"description":"dong_da (19)","properties":{},"px":47.2000007629395,"py":64.5999984741211,"radius":73.0,"scale":1.0,"angle":0.0},{"id":137,"type":11,"layer":1,"description":"dong_xiao (7)","properties":{},"px":39.2999992370605,"py":63.0999984741211,"radius":42.0,"scale":1.0,"angle":0.0},{"id":138,"type":10,"layer":1,"description":"dong_da (17)","properties":{},"px":30.5,"py":68.9000015258789,"radius":73.0,"scale":1.0,"angle":0.0},{"id":139,"type":101,"layer":1,"description":"4 (28)","properties":{"ballType":26,"birthTime":5.0,"birthMax":4.0},"px":22.3600006103516,"py":19.1399993896484,"radius":456.000018119812,"scale":1.20000004768372,"angle":0.0},{"id":140,"type":101,"layer":1,"description":"4 (11)","properties":{"ballType":26,"birthTime":5.0,"birthMax":4.0},"px":17.5599994659424,"py":76.1600036621094,"radius":570.0,"scale":1.5,"angle":0.0},{"id":141,"type":55,"layer":1,"description":"island (17)","properties":{},"px":82.4000015258789,"py":41.0999984741211,"radius":542.0,"scale":1.0,"angle":0.0},{"id":142,"type":55,"layer":1,"description":"island (9)","properties":{},"px":20.1000003814697,"py":5.19999980926514,"radius":542.0,"scale":1.0,"angle":0.0},{"id":143,"type":10,"layer":1,"description":"dong_da (1)","properties":{},"px":58.5999984741211,"py":60.7000007629395,"radius":73.0,"scale":1.0,"angle":0.0},{"id":144,"type":10,"layer":1,"description":"dong_da (8)","properties":{},"px":72.4000015258789,"py":75.0999984741211,"radius":73.0,"scale":1.0,"angle":0.0},{"id":145,"type":10,"layer":1,"description":"dong_da (2)","properties":{},"px":40.5,"py":73.8000030517578,"radius":73.0,"scale":1.0,"angle":0.0},{"id":146,"type":4,"layer":1,"description":"hong_da (15)","properties":{},"px":51.2000007629395,"py":26.5,"radius":380.0,"scale":1.0,"angle":0.0},{"id":147,"type":1,"layer":1,"description":"anjiao (11)","properties":{},"px":37.0999984741211,"py":6.09999990463257,"radius":380.0,"scale":1.0,"angle":0.0},{"id":148,"type":58,"layer":1,"description":"yangliu (46)","properties":{},"px":59.7900009155273,"py":26.2700004577637,"radius":380.0,"scale":1.0,"angle":0.0},{"id":149,"type":4,"layer":1,"description":"hong_da (1)","properties":{},"px":32.7000007629395,"py":14.3999996185303,"radius":380.0,"scale":1.0,"angle":0.0},{"id":150,"type":101,"layer":1,"description":"4 (4)","properties":{"ballType":27,"birthTime":5.0,"birthMax":2.0},"px":15.210000038147,"py":45.4199981689453,"radius":493.999981880188,"scale":1.29999995231628,"angle":0.0},{"id":151,"type":4,"layer":1,"description":"hong_da (16)","properties":{},"px":37.5,"py":58.0999984741211,"radius":380.0,"scale":1.0,"angle":0.0},{"id":152,"type":55,"layer":1,"description":"island (14)","properties":{},"px":56.5999984741211,"py":73.1999969482422,"radius":542.0,"scale":1.0,"angle":0.0},{"id":153,"type":11,"layer":1,"description":"dong_xiao (11)","properties":{},"px":9.69999980926514,"py":79.8000030517578,"radius":42.0,"scale":1.0,"angle":0.0},{"id":154,"type":4,"layer":1,"description":"hong_da (2)","properties":{},"px":55.0999984741211,"py":39.5999984741211,"radius":380.0,"scale":1.0,"angle":0.0},{"id":155,"type":1,"layer":1,"description":"anjiao (8)","properties":{},"px":68.0100021362305,"py":6.86999988555908,"radius":380.0,"scale":1.0,"angle":0.0},{"id":156,"type":11,"layer":1,"description":"dong_xiao (15)","properties":{},"px":8.69999980926514,"py":28.3999996185303,"radius":42.0,"scale":1.0,"angle":0.0},{"id":157,"type":1,"layer":1,"description":"dashu (17)","properties":{},"px":11.1099996566772,"py":32.5699996948242,"radius":380.0,"scale":1.0,"angle":0.0},{"id":158,"type":58,"layer":1,"description":"yangliu (31)","properties":{},"px":45.5900001525879,"py":74.629997253418,"radius":380.0,"scale":1.0,"angle":0.0},{"id":159,"type":101,"layer":1,"description":"4 (18)","properties":{"ballType":26,"birthTime":5.0,"birthMax":4.0},"px":45.7099990844727,"py":51.6199989318848,"radius":456.000018119812,"scale":1.20000004768372,"angle":0.0},{"id":160,"type":11,"layer":1,"description":"dong_xiao (14)","properties":{},"px":60.5,"py":44.5999984741211,"radius":42.0,"scale":1.0,"angle":0.0},{"id":161,"type":58,"layer":1,"description":"yangliu (32)","properties":{},"px":49.8899993896484,"py":76.5199966430664,"radius":380.0,"scale":1.0,"angle":0.0},{"id":162,"type":1,"layer":1,"description":"dashu (20)","properties":{},"px":27.0,"py":52.2000007629395,"radius":380.0,"scale":1.0,"angle":0.0},{"id":163,"type":1,"layer":1,"description":"dashu (37)","properties":{},"px":30.5499992370605,"py":27.2900009155273,"radius":380.0,"scale":1.0,"angle":0.0},{"id":164,"type":4,"layer":1,"description":"hong_da (8)","properties":{},"px":37.9799995422363,"py":45.4900016784668,"radius":380.0,"scale":1.0,"angle":0.0},{"id":165,"type":1,"layer":1,"description":"dashu (8)","properties":{},"px":76.4000015258789,"py":45.2000007629395,"radius":380.0,"scale":1.0,"angle":0.0},{"id":166,"type":101,"layer":1,"description":"4 (19)","properties":{"ballType":26,"birthTime":5.0,"birthMax":4.0},"px":50.2900009155273,"py":49.689998626709,"radius":493.999981880188,"scale":1.29999995231628,"angle":0.0},{"id":167,"type":101,"layer":1,"description":"4 (25)","properties":{"ballType":26,"birthTime":5.0,"birthMax":5.0},"px":18.0499992370605,"py":40.3400001525879,"radius":570.0,"scale":1.5,"angle":0.0},{"id":168,"type":58,"layer":1,"description":"yangliu (25)","properties":{},"px":41.2000007629395,"py":29.8700008392334,"radius":380.0,"scale":1.0,"angle":0.0},{"id":169,"type":58,"layer":1,"description":"yangliu (43)","properties":{},"px":17.2099990844727,"py":19.2399997711182,"radius":380.0,"scale":1.0,"angle":0.0},{"id":170,"type":10,"layer":1,"description":"dong_da (13)","properties":{},"px":41.5999984741211,"py":54.2000007629395,"radius":73.0,"scale":1.0,"angle":0.0},{"id":171,"type":58,"layer":1,"description":"yangliu (3)","properties":{},"px":26.4699993133545,"py":59.5499992370605,"radius":380.0,"scale":1.0,"angle":0.0},{"id":172,"type":11,"layer":1,"description":"dong_xiao (12)","properties":{},"px":49.0999984741211,"py":81.0,"radius":42.0,"scale":1.0,"angle":0.0},{"id":173,"type":101,"layer":1,"description":"4 (26)","properties":{"ballType":26,"birthTime":5.0,"birthMax":4.0},"px":60.0499992370605,"py":25.8799991607666,"radius":570.0,"scale":1.5,"angle":0.0},{"id":174,"type":4,"layer":1,"description":"hong_da (26)","properties":{},"px":54.9000015258789,"py":84.3000030517578,"radius":380.0,"scale":1.0,"angle":0.0},{"id":175,"type":10,"layer":1,"description":"dong_da (18)","properties":{},"px":69.5,"py":25.1000003814697,"radius":73.0,"scale":1.0,"angle":0.0},{"id":176,"type":1,"layer":1,"description":"anjiao","properties":{},"px":63.0,"py":16.9099998474121,"radius":380.0,"scale":1.0,"angle":0.0},{"id":177,"type":11,"layer":1,"description":"dong_xiao (18)","properties":{},"px":64.8000030517578,"py":12.8999996185303,"radius":42.0,"scale":1.0,"angle":0.0},{"id":178,"type":58,"layer":1,"description":"yangliu (7)","properties":{},"px":17.6499996185303,"py":73.3099975585938,"radius":380.0,"scale":1.0,"angle":0.0},{"id":179,"type":101,"layer":1,"description":"4","properties":{"ballType":27,"birthTime":5.0,"birthMax":2.0},"px":14.539999961853,"py":72.9899978637695,"radius":570.0,"scale":1.5,"angle":0.0},{"id":180,"type":58,"layer":1,"description":"yangliu (24)","properties":{},"px":36.6500015258789,"py":28.3899993896484,"radius":380.0,"scale":1.0,"angle":0.0},{"id":181,"type":1,"layer":1,"description":"dashu (9)","properties":{},"px":36.7799987792969,"py":49.8899993896484,"radius":380.0,"scale":1.0,"angle":0.0},{"id":182,"type":55,"layer":1,"description":"island (6)","properties":{},"px":71.0,"py":14.6999998092651,"radius":542.0,"scale":1.0,"angle":0.0},{"id":183,"type":11,"layer":1,"description":"dong_xiao (19)","properties":{},"px":66.5999984741211,"py":62.5999984741211,"radius":42.0,"scale":1.0,"angle":0.0},{"id":184,"type":11,"layer":1,"description":"dong_xiao (9)","properties":{},"px":46.7999992370605,"py":29.2999992370605,"radius":42.0,"scale":1.0,"angle":0.0},{"id":185,"type":1,"layer":1,"description":"anjiao (3)","properties":{},"px":27.6700000762939,"py":48.9599990844727,"radius":380.0,"scale":1.0,"angle":0.0},{"id":186,"type":11,"layer":1,"description":"dong_xiao","properties":{},"px":16.1000003814697,"py":14.8000001907349,"radius":42.0,"scale":1.0,"angle":0.0},{"id":187,"type":1,"layer":1,"description":"anjiao (6)","properties":{},"px":64.3000030517578,"py":78.8000030517578,"radius":380.0,"scale":1.0,"angle":0.0},{"id":188,"type":4,"layer":1,"description":"hong_da (13)","properties":{},"px":46.0,"py":57.4199981689453,"radius":380.0,"scale":1.0,"angle":0.0}]}