{"title":"1004","size":75,"nodes":[{"id":1,"type":58,"layer":1,"description":"yangliu (32)","properties":{},"px":58.0200004577637,"py":17.7199993133545,"radius":380.0,"scale":1.0,"angle":0.0},{"id":2,"type":4,"layer":1,"description":"hong_da (17)","properties":{},"px":48.4000015258789,"py":56.5999984741211,"radius":380.0,"scale":1.0,"angle":0.0},{"id":3,"type":58,"layer":1,"description":"yangliu (3)","properties":{},"px":22.6900005340576,"py":49.7700004577637,"radius":380.0,"scale":1.0,"angle":0.0},{"id":4,"type":58,"layer":1,"description":"yangliu (30)","properties":{},"px":45.3199996948242,"py":64.5999984741211,"radius":380.0,"scale":1.0,"angle":0.0},{"id":5,"type":1,"layer":1,"description":"anjiao (1)","properties":{},"px":41.0,"py":15.5,"radius":380.0,"scale":1.0,"angle":0.0},{"id":6,"type":10,"layer":1,"description":"dong_da (14)","properties":{},"px":20.1000003814697,"py":52.0,"radius":73.0,"scale":1.0,"angle":0.0},{"id":7,"type":101,"layer":1,"description":"4 (24)","properties":{"ballType":26,"birthTime":5.0,"birthMax":4.0},"px":16.8899993896484,"py":33.4199981689453,"radius":456.000018119812,"scale":1.20000004768372,"angle":0.0},{"id":8,"type":10,"layer":1,"description":"dong_da (16)","properties":{},"px":50.4000015258789,"py":26.0,"radius":73.0,"scale":1.0,"angle":0.0},{"id":9,"type":58,"layer":1,"description":"yangliu (8)","properties":{},"px":66.0999984741211,"py":61.5999984741211,"radius":380.0,"scale":1.0,"angle":0.0},{"id":10,"type":1,"layer":1,"description":"anjiao (2)","properties":{},"px":23.6000003814697,"py":27.2000007629395,"radius":380.0,"scale":1.0,"angle":0.0},{"id":11,"type":55,"layer":1,"description":"island (3)","properties":{},"px":51.7000007629395,"py":43.9000015258789,"radius":542.0,"scale":1.0,"angle":0.0},{"id":12,"type":58,"layer":1,"description":"yangliu (33)","properties":{},"px":52.2000007629395,"py":20.3400001525879,"radius":380.0,"scale":1.0,"angle":0.0},{"id":13,"type":10,"layer":1,"description":"dong_da (5)","properties":{},"px":22.2999992370605,"py":9.39999961853027,"radius":73.0,"scale":1.0,"angle":0.0},{"id":14,"type":53,"layer":1,"description":"haiyang (1)","properties":{},"px":36.4000015258789,"py":38.9000015258789,"radius":12960.0,"scale":12.0,"angle":0.0},{"id":15,"type":10,"layer":1,"description":"dong_da (12)","properties":{},"px":19.9400005340576,"py":21.3299999237061,"radius":73.0,"scale":1.0,"angle":0.0},{"id":16,"type":101,"layer":1,"description":"4 (15)","properties":{"ballType":26,"birthTime":5.0,"birthMax":4.0},"px":66.2799987792969,"py":60.8699989318848,"radius":570.0,"scale":1.5,"angle":0.0},{"id":17,"type":55,"layer":1,"description":"island (12)","properties":{},"px":13.0,"py":37.0999984741211,"radius":542.0,"scale":1.0,"angle":0.0},{"id":18,"type":11,"layer":1,"description":"dong_xiao (6)","properties":{},"px":26.2999992370605,"py":46.4000015258789,"radius":42.0,"scale":1.0,"angle":0.0},{"id":19,"type":101,"layer":1,"description":"4 (21)","properties":{"ballType":26,"birthTime":5.0,"birthMax":4.0},"px":64.4400024414063,"py":39.25,"radius":570.0,"scale":1.5,"angle":0.0},{"id":20,"type":4,"layer":1,"description":"hong_da (12)","properties":{},"px":51.5,"py":3.40000009536743,"radius":380.0,"scale":1.0,"angle":0.0},{"id":21,"type":101,"layer":1,"description":"4 (8)","properties":{"ballType":27,"birthTime":5.0,"birthMax":2.0},"px":55.9000015258789,"py":17.8299999237061,"radius":570.0,"scale":1.5,"angle":0.0},{"id":22,"type":58,"layer":1,"description":"yangliu (25)","properties":{},"px":17.2700004577637,"py":10.210000038147,"radius":380.0,"scale":1.0,"angle":0.0},{"id":23,"type":4,"layer":1,"description":"hong_da (6)","properties":{},"px":17.6000003814697,"py":59.5999984741211,"radius":380.0,"scale":1.0,"angle":0.0},{"id":24,"type":11,"layer":1,"description":"dong_xiao (13)","properties":{},"px":34.9000015258789,"py":2.0,"radius":42.0,"scale":1.0,"angle":0.0},{"id":25,"type":11,"layer":1,"description":"dong_xiao (3)","properties":{},"px":40.4000015258789,"py":19.5,"radius":42.0,"scale":1.0,"angle":0.0},{"id":26,"type":4,"layer":1,"description":"hong_da (10)","properties":{},"px":66.5,"py":69.5,"radius":380.0,"scale":1.0,"angle":0.0},{"id":27,"type":11,"layer":1,"description":"dong_xiao (24)","properties":{},"px":71.6999969482422,"py":69.8000030517578,"radius":42.0,"scale":1.0,"angle":0.0},{"id":28,"type":1,"layer":1,"description":"anjiao (5)","properties":{},"px":44.2999992370605,"py":58.5,"radius":380.0,"scale":1.0,"angle":0.0},{"id":29,"type":101,"layer":1,"description":"4 (22)","properties":{"ballType":26,"birthTime":5.0,"birthMax":4.0},"px":35.5900001525879,"py":24.9500007629395,"radius":456.000018119812,"scale":1.20000004768372,"angle":0.0},{"id":30,"type":4,"layer":1,"description":"hong_da (14)","properties":{},"px":25.7000007629395,"py":22.8999996185303,"radius":380.0,"scale":1.0,"angle":0.0},{"id":31,"type":1,"layer":1,"description":"dashu (40)","properties":{},"px":70.9400024414063,"py":56.7700004577637,"radius":380.0,"scale":1.0,"angle":0.0},{"id":32,"type":58,"layer":1,"description":"yangliu (4)","properties":{},"px":6.84000015258789,"py":63.5900001525879,"radius":380.0,"scale":1.0,"angle":0.0},{"id":33,"type":1,"layer":1,"description":"dashu (23)","properties":{},"px":61.0,"py":42.7999992370605,"radius":380.0,"scale":1.0,"angle":0.0},{"id":34,"type":10,"layer":1,"description":"dong_da (3)","properties":{},"px":31.2999992370605,"py":29.8999996185303,"radius":73.0,"scale":1.0,"angle":0.0},{"id":35,"type":4,"layer":1,"description":"hong_da (11)","properties":{},"px":69.0,"py":28.1000003814697,"radius":380.0,"scale":1.0,"angle":0.0},{"id":36,"type":55,"layer":1,"description":"island (15)","properties":{},"px":53.7999992370605,"py":60.2000007629395,"radius":542.0,"scale":1.0,"angle":0.0},{"id":37,"type":4,"layer":1,"description":"hong_da (4)","properties":{},"px":7.59999990463257,"py":16.3999996185303,"radius":380.0,"scale":1.0,"angle":0.0},{"id":38,"type":4,"layer":1,"description":"hong_da (5)","properties":{},"px":6.09999990463257,"py":50.5,"radius":380.0,"scale":1.0,"angle":0.0},{"id":39,"type":55,"layer":1,"description":"island (8)","properties":{},"px":10.5,"py":54.5,"radius":542.0,"scale":1.0,"angle":0.0},{"id":40,"type":4,"layer":1,"description":"hong_da (19)","properties":{},"px":22.2000007629395,"py":71.5,"radius":380.0,"scale":1.0,"angle":0.0},{"id":41,"type":101,"layer":1,"description":"4","properties":{"ballType":27,"birthTime":5.0,"birthMax":2.0},"px":11.3299999237061,"py":63.689998626709,"radius":570.0,"scale":1.5,"angle":0.0},{"id":42,"type":55,"layer":1,"description":"island (11)","properties":{},"px":13.3000001907349,"py":50.9000015258789,"radius":542.0,"scale":1.0,"angle":0.0},{"id":43,"type":101,"layer":1,"description":"4 (28)","properties":{"ballType":26,"birthTime":5.0,"birthMax":4.0},"px":14.960000038147,"py":8.9399995803833,"radius":456.000018119812,"scale":1.20000004768372,"angle":0.0},{"id":44,"type":1,"layer":1,"description":"dashu (5)","properties":{},"px":22.5,"py":65.0999984741211,"radius":380.0,"scale":1.0,"angle":0.0},{"id":45,"type":101,"layer":1,"description":"4 (16)","properties":{"ballType":26,"birthTime":5.0,"birthMax":4.0},"px":27.6200008392334,"py":52.8300018310547,"radius":570.0,"scale":1.5,"angle":0.0},{"id":46,"type":1,"layer":1,"description":"anjiao (4)","properties":{},"px":62.5,"py":24.8999996185303,"radius":380.0,"scale":1.0,"angle":0.0},{"id":47,"type":4,"layer":1,"description":"hong_da (18)","properties":{},"px":4.19999980926514,"py":35.7999992370605,"radius":380.0,"scale":1.0,"angle":0.0},{"id":48,"type":10,"layer":1,"description":"dong_da (10)","properties":{},"px":3.09999990463257,"py":10.8999996185303,"radius":73.0,"scale":1.0,"angle":0.0},{"id":49,"type":10,"layer":1,"description":"dong_da (4)","properties":{},"px":63.9000015258789,"py":30.1000003814697,"radius":73.0,"scale":1.0,"angle":0.0},{"id":50,"type":1,"layer":1,"description":"anjiao (7)","properties":{},"px":5.09999990463257,"py":4.40000009536743,"radius":380.0,"scale":1.0,"angle":0.0},{"id":51,"type":55,"layer":1,"description":"island (7)","properties":{},"px":14.6000003814697,"py":21.5,"radius":542.0,"scale":1.0,"angle":0.0},{"id":52,"type":11,"layer":1,"description":"dong_xiao (2)","properties":{},"px":30.0,"py":14.0,"radius":42.0,"scale":1.0,"angle":0.0},{"id":53,"type":11,"layer":1,"description":"dong_xiao (10)","properties":{},"px":5.71000003814697,"py":31.5400009155273,"radius":42.0,"scale":1.0,"angle":0.0},{"id":54,"type":1,"layer":1,"description":"dashu (16)","properties":{},"px":24.3700008392334,"py":14.460000038147,"radius":380.0,"scale":1.0,"angle":0.0},{"id":55,"type":11,"layer":1,"description":"dong_xiao (22)","properties":{},"px":15.5,"py":55.0,"radius":42.0,"scale":1.0,"angle":0.0},{"id":56,"type":101,"layer":1,"description":"4 (14)","properties":{"ballType":26,"birthTime":5.0,"birthMax":4.0},"px":61.6500015258789,"py":59.4599990844727,"radius":493.999981880188,"scale":1.29999995231628,"angle":0.0},{"id":57,"type":1,"layer":1,"description":"dashu (26)","properties":{},"px":37.2299995422363,"py":5.05999994277954,"radius":380.0,"scale":1.0,"angle":0.0},{"id":58,"type":58,"layer":1,"description":"yangliu (18)","properties":{},"px":59.9199981689453,"py":39.1599998474121,"radius":380.0,"scale":1.0,"angle":0.0},{"id":59,"type":58,"layer":1,"description":"yangliu (2)","properties":{},"px":26.8299999237061,"py":53.3400001525879,"radius":380.0,"scale":1.0,"angle":0.0},{"id":60,"type":55,"layer":1,"description":"island (5)","properties":{},"px":36.0,"py":10.6999998092651,"radius":542.0,"scale":1.0,"angle":0.0},{"id":61,"type":1,"layer":1,"description":"dashu (7)","properties":{},"px":68.9000015258789,"py":52.9000015258789,"radius":380.0,"scale":1.0,"angle":0.0},{"id":62,"type":58,"layer":1,"description":"yangliu (28)","properties":{},"px":41.0400009155273,"py":67.620002746582,"radius":380.0,"scale":1.0,"angle":0.0},{"id":63,"type":11,"layer":1,"description":"dong_xiao (21)","properties":{},"px":27.5,"py":34.5999984741211,"radius":42.0,"scale":1.0,"angle":0.0},{"id":64,"type":101,"layer":1,"description":"4 (7)","properties":{"ballType":27,"birthTime":5.0,"birthMax":2.0},"px":35.7599983215332,"py":21.0400009155273,"radius":456.000018119812,"scale":1.20000004768372,"angle":0.0},{"id":65,"type":58,"layer":1,"description":"yangliu (5)","properties":{},"px":12.9099998474121,"py":63.5299987792969,"radius":380.0,"scale":1.0,"angle":0.0},{"id":66,"type":11,"layer":1,"description":"dong_xiao (20)","properties":{},"px":50.4000015258789,"py":11.1000003814697,"radius":42.0,"scale":1.0,"angle":0.0},{"id":67,"type":1,"layer":1,"description":"dashu (36)","properties":{},"px":43.9099998474121,"py":27.1000003814697,"radius":380.0,"scale":1.0,"angle":0.0},{"id":68,"type":101,"layer":1,"description":"4 (17)","properties":{"ballType":26,"birthTime":5.0,"birthMax":4.0},"px":22.2800006866455,"py":48.939998626709,"radius":456.000018119812,"scale":1.20000004768372,"angle":0.0},{"id":69,"type":55,"layer":1,"description":"island (13)","properties":{},"px":55.2999992370605,"py":23.2000007629395,"radius":542.0,"scale":1.0,"angle":0.0},{"id":70,"type":101,"layer":1,"description":"4 (2)","properties":{"ballType":27,"birthTime":5.0,"birthMax":2.0},"px":25.1599998474121,"py":51.9700012207031,"radius":570.0,"scale":1.5,"angle":0.0},{"id":71,"type":101,"layer":1,"description":"4 (20)","properties":{"ballType":26,"birthTime":5.0,"birthMax":4.0},"px":58.7299995422363,"py":39.5299987792969,"radius":304.000004529953,"scale":0.800000011920929,"angle":0.0},{"id":72,"type":1,"layer":1,"description":"dashu (21)","properties":{},"px":3.29999995231628,"py":46.7999992370605,"radius":380.0,"scale":1.0,"angle":0.0},{"id":73,"type":10,"layer":1,"description":"dong_da (7)","properties":{},"px":8.60000038146973,"py":45.2000007629395,"radius":73.0,"scale":1.0,"angle":0.0},{"id":74,"type":101,"layer":1,"description":"4 (25)","properties":{"ballType":26,"birthTime":5.0,"birthMax":5.0},"px":12.0500001907349,"py":31.1800003051758,"radius":570.0,"scale":1.5,"angle":0.0},{"id":75,"type":1,"layer":1,"description":"dashu (28)","properties":{},"px":31.3899993896484,"py":72.3300018310547,"radius":380.0,"scale":1.0,"angle":0.0},{"id":76,"type":101,"layer":1,"description":"4 (18)","properties":{"ballType":26,"birthTime":5.0,"birthMax":4.0},"px":39.5,"py":38.3899993896484,"radius":456.000018119812,"scale":1.20000004768372,"angle":0.0},{"id":77,"type":58,"layer":1,"description":"yangliu (29)","properties":{},"px":40.2900009155273,"py":63.3300018310547,"radius":380.0,"scale":1.0,"angle":0.0},{"id":78,"type":4,"layer":1,"description":"hong_da (7)","properties":{},"px":31.0900001525879,"py":67.8300018310547,"radius":380.0,"scale":1.0,"angle":0.0},{"id":79,"type":11,"layer":1,"description":"dong_xiao (16)","properties":{},"px":18.0,"py":68.3000030517578,"radius":42.0,"scale":1.0,"angle":0.0},{"id":80,"type":4,"layer":1,"description":"hong_da (3)","properties":{},"px":68.5,"py":13.0,"radius":380.0,"scale":1.0,"angle":0.0},{"id":81,"type":11,"layer":1,"description":"dong_xiao (23)","properties":{},"px":54.7999992370605,"py":67.8000030517578,"radius":42.0,"scale":1.0,"angle":0.0},{"id":82,"type":101,"layer":1,"description":"4 (11)","properties":{"ballType":26,"birthTime":5.0,"birthMax":4.0},"px":13.6800003051758,"py":65.9800033569336,"radius":570.0,"scale":1.5,"angle":0.0},{"id":83,"type":11,"layer":1,"description":"dong_xiao (4)","properties":{},"px":66.629997253418,"py":20.0,"radius":42.0,"scale":1.0,"angle":0.0},{"id":84,"type":58,"layer":1,"description":"yangliu (20)","properties":{},"px":44.8300018310547,"py":38.5,"radius":380.0,"scale":1.0,"angle":0.0},{"id":85,"type":1,"layer":1,"description":"dashu (18)","properties":{},"px":14.5,"py":3.01999998092651,"radius":380.0,"scale":1.0,"angle":0.0},{"id":86,"type":101,"layer":1,"description":"4 (12)","properties":{"ballType":26,"birthTime":5.0,"birthMax":5.0},"px":41.5200004577637,"py":66.2600021362305,"radius":570.0,"scale":1.5,"angle":0.0},{"id":87,"type":10,"layer":1,"description":"dong_da (9)","properties":{},"px":70.5999984741211,"py":7.19999980926514,"radius":73.0,"scale":1.0,"angle":0.0},{"id":88,"type":10,"layer":1,"description":"dong_da (6)","properties":{},"px":43.1399993896484,"py":7.01999998092651,"radius":73.0,"scale":1.0,"angle":0.0},{"id":89,"type":58,"layer":1,"description":"yangliu (14)","properties":{},"px":31.5400009155273,"py":19.4300003051758,"radius":380.0,"scale":1.0,"angle":0.0},{"id":90,"type":55,"layer":1,"description":"island (10)","properties":{},"px":56.7000007629395,"py":27.1000003814697,"radius":542.0,"scale":1.0,"angle":0.0},{"id":91,"type":11,"layer":1,"description":"dong_xiao (17)","properties":{},"px":39.9000015258789,"py":29.7999992370605,"radius":42.0,"scale":1.0,"angle":0.0},{"id":92,"type":1,"layer":1,"description":"dashu (35)","properties":{},"px":44.3899993896484,"py":50.0400009155273,"radius":380.0,"scale":1.0,"angle":0.0},{"id":93,"type":11,"layer":1,"description":"dong_xiao (8)","properties":{},"px":43.2000007629395,"py":37.4000015258789,"radius":42.0,"scale":1.0,"angle":0.0},{"id":94,"type":10,"layer":1,"description":"dong_da (15)","properties":{},"px":68.5999984741211,"py":46.0,"radius":73.0,"scale":1.0,"angle":0.0},{"id":95,"type":4,"layer":1,"description":"hong_da (9)","properties":{},"px":60.2999992370605,"py":49.2999992370605,"radius":380.0,"scale":1.0,"angle":0.0},{"id":96,"type":1,"layer":1,"description":"dashu (19)","properties":{},"px":70.0999984741211,"py":20.1000003814697,"radius":380.0,"scale":1.0,"angle":0.0},{"id":97,"type":58,"layer":1,"description":"yangliu (38)","properties":{},"px":16.6200008392334,"py":33.7200012207031,"radius":380.0,"scale":1.0,"angle":0.0},{"id":98,"type":11,"layer":1,"description":"dong_xiao (1)","properties":{},"px":14.1000003814697,"py":14.6999998092651,"radius":42.0,"scale":1.0,"angle":0.0},{"id":99,"type":101,"layer":1,"description":"4 (10)","properties":{"ballType":26,"birthTime":5.0,"birthMax":4.0},"px":6.86999988555908,"py":63.1500015258789,"radius":570.0,"scale":1.5,"angle":0.0},{"id":100,"type":10,"layer":1,"description":"dong_da (11)","properties":{},"px":20.2000007629395,"py":35.5,"radius":73.0,"scale":1.0,"angle":0.0},{"id":101,"type":10,"layer":1,"description":"dong_da (8)","properties":{},"px":66.3899993896484,"py":65.0699996948242,"radius":73.0,"scale":1.0,"angle":0.0},{"id":102,"type":1,"layer":1,"description":"dashu (27)","properties":{},"px":30.6800003051758,"py":59.5299987792969,"radius":380.0,"scale":1.0,"angle":0.0},{"id":103,"type":10,"layer":1,"description":"dong_da (19)","properties":{},"px":41.5,"py":55.2999992370605,"radius":73.0,"scale":1.0,"angle":0.0},{"id":104,"type":11,"layer":1,"description":"dong_xiao (7)","properties":{},"px":33.5999984741211,"py":53.7999992370605,"radius":42.0,"scale":1.0,"angle":0.0},{"id":105,"type":10,"layer":1,"description":"dong_da (17)","properties":{},"px":24.7999992370605,"py":59.5999984741211,"radius":73.0,"scale":1.0,"angle":0.0},{"id":106,"type":10,"layer":1,"description":"dong_da (1)","properties":{},"px":52.8699989318848,"py":51.3400001525879,"radius":73.0,"scale":1.0,"angle":0.0},{"id":107,"type":58,"layer":1,"description":"yangliu (13)","properties":{},"px":35.5800018310547,"py":25.0300006866455,"radius":380.0,"scale":1.0,"angle":0.0},{"id":108,"type":58,"layer":1,"description":"yangliu (17)","properties":{},"px":65.0500030517578,"py":39.8499984741211,"radius":380.0,"scale":1.0,"angle":0.0},{"id":109,"type":10,"layer":1,"description":"dong_da (2)","properties":{},"px":34.7999992370605,"py":64.5,"radius":73.0,"scale":1.0,"angle":0.0},{"id":110,"type":4,"layer":1,"description":"hong_da (15)","properties":{},"px":45.5,"py":17.2000007629395,"radius":380.0,"scale":1.0,"angle":0.0},{"id":111,"type":101,"layer":1,"description":"4 (23)","properties":{"ballType":26,"birthTime":5.0,"birthMax":4.0},"px":32.0800018310547,"py":18.5300006866455,"radius":456.000018119812,"scale":1.20000004768372,"angle":0.0},{"id":112,"type":4,"layer":1,"description":"hong_da (1)","properties":{},"px":27.0,"py":5.09999990463257,"radius":380.0,"scale":1.0,"angle":0.0},{"id":113,"type":4,"layer":1,"description":"hong_da (16)","properties":{},"px":31.5,"py":48.560001373291,"radius":380.0,"scale":1.0,"angle":0.0},{"id":114,"type":55,"layer":1,"description":"island (14)","properties":{},"px":50.9000015258789,"py":63.9000015258789,"radius":542.0,"scale":1.0,"angle":0.0},{"id":115,"type":11,"layer":1,"description":"dong_xiao (11)","properties":{},"px":4.0,"py":70.5,"radius":42.0,"scale":1.0,"angle":0.0},{"id":116,"type":4,"layer":1,"description":"hong_da (2)","properties":{},"px":49.4000015258789,"py":30.2999992370605,"radius":380.0,"scale":1.0,"angle":0.0},{"id":117,"type":11,"layer":1,"description":"dong_xiao (15)","properties":{},"px":3.0,"py":19.1000003814697,"radius":42.0,"scale":1.0,"angle":0.0},{"id":118,"type":101,"layer":1,"description":"4 (26)","properties":{"ballType":26,"birthTime":5.0,"birthMax":4.0},"px":52.6399993896484,"py":19.7199993133545,"radius":570.0,"scale":1.5,"angle":0.0},{"id":119,"type":101,"layer":1,"description":"4 (13)","properties":{"ballType":26,"birthTime":5.0,"birthMax":4.0},"px":45.0800018310547,"py":64.2799987792969,"radius":570.0,"scale":1.5,"angle":0.0},{"id":120,"type":1,"layer":1,"description":"dashu (6)","properties":{},"px":8.57999992370605,"py":67.9899978637695,"radius":380.0,"scale":1.0,"angle":0.0},{"id":121,"type":11,"layer":1,"description":"dong_xiao (14)","properties":{},"px":54.7999992370605,"py":35.2999992370605,"radius":42.0,"scale":1.0,"angle":0.0},{"id":122,"type":1,"layer":1,"description":"dashu (20)","properties":{},"px":21.2999992370605,"py":42.9000015258789,"radius":380.0,"scale":1.0,"angle":0.0},{"id":123,"type":1,"layer":1,"description":"dashu (37)","properties":{},"px":25.0,"py":17.6000003814697,"radius":380.0,"scale":1.0,"angle":0.0},{"id":124,"type":58,"layer":1,"description":"yangliu (37)","properties":{},"px":11.3800001144409,"py":31.5599994659424,"radius":380.0,"scale":1.0,"angle":0.0},{"id":125,"type":4,"layer":1,"description":"hong_da (8)","properties":{},"px":33.3199996948242,"py":35.4500007629395,"radius":380.0,"scale":1.0,"angle":0.0},{"id":126,"type":1,"layer":1,"description":"dashu (8)","properties":{},"px":70.6999969482422,"py":35.9000015258789,"radius":380.0,"scale":1.0,"angle":0.0},{"id":127,"type":101,"layer":1,"description":"4 (3)","properties":{"ballType":27,"birthTime":5.0,"birthMax":2.0},"px":64.0,"py":60.4000015258789,"radius":570.0,"scale":1.5,"angle":0.0},{"id":128,"type":101,"layer":1,"description":"4 (29)","properties":{"ballType":26,"birthTime":5.0,"birthMax":4.0},"px":11.8199996948242,"py":8.97000026702881,"radius":304.000004529953,"scale":0.800000011920929,"angle":0.0},{"id":129,"type":58,"layer":1,"description":"yangliu (34)","properties":{},"px":54.0200004577637,"py":14.3199996948242,"radius":380.0,"scale":1.0,"angle":0.0},{"id":130,"type":58,"layer":1,"description":"yangliu (24)","properties":{},"px":12.0100002288818,"py":9.39000034332275,"radius":380.0,"scale":1.0,"angle":0.0},{"id":131,"type":101,"layer":1,"description":"4 (9)","properties":{"ballType":27,"birthTime":5.0,"birthMax":2.0},"px":16.9799995422363,"py":9.72999954223633,"radius":456.000018119812,"scale":1.20000004768372,"angle":0.0},{"id":132,"type":101,"layer":1,"description":"4 (5)","properties":{"ballType":27,"birthTime":5.0,"birthMax":2.0},"px":42.3899993896484,"py":37.1500015258789,"radius":456.000018119812,"scale":1.20000004768372,"angle":0.0},{"id":133,"type":58,"layer":1,"description":"yangliu (6)","properties":{},"px":13.4399995803833,"py":67.1600036621094,"radius":380.0,"scale":1.0,"angle":0.0},{"id":134,"type":1,"layer":1,"description":"dashu (22)","properties":{},"px":42.2000007629395,"py":41.9000015258789,"radius":380.0,"scale":1.0,"angle":0.0},{"id":135,"type":10,"layer":1,"description":"dong_da (13)","properties":{},"px":35.9000015258789,"py":44.9000015258789,"radius":73.0,"scale":1.0,"angle":0.0},{"id":136,"type":1,"layer":1,"description":"dashu (10)","properties":{},"px":48.0999984741211,"py":35.0999984741211,"radius":380.0,"scale":1.0,"angle":0.0},{"id":137,"type":11,"layer":1,"description":"dong_xiao (12)","properties":{},"px":43.4199981689453,"py":71.6999969482422,"radius":42.0,"scale":1.0,"angle":0.0},{"id":138,"type":101,"layer":1,"description":"4 (27)","properties":{"ballType":26,"birthTime":5.0,"birthMax":4.0},"px":54.6300010681152,"py":14.0299997329712,"radius":570.0,"scale":1.5,"angle":0.0},{"id":139,"type":1,"layer":1,"description":"dashu (38)","properties":{},"px":4.82999992370605,"py":22.7000007629395,"radius":380.0,"scale":1.0,"angle":0.0},{"id":140,"type":101,"layer":1,"description":"4 (19)","properties":{"ballType":26,"birthTime":5.0,"birthMax":4.0},"px":44.7799987792969,"py":38.2000007629395,"radius":493.999981880188,"scale":1.29999995231628,"angle":0.0},{"id":141,"type":10,"layer":1,"description":"dong_da","properties":{},"px":13.1999998092651,"py":61.5,"radius":73.0,"scale":1.0,"angle":0.0},{"id":142,"type":10,"layer":1,"description":"dong_da (18)","properties":{},"px":63.7999992370605,"py":15.8000001907349,"radius":73.0,"scale":1.0,"angle":0.0},{"id":143,"type":1,"layer":1,"description":"anjiao","properties":{},"px":58.5999984741211,"py":10.3000001907349,"radius":380.0,"scale":1.0,"angle":0.0},{"id":144,"type":11,"layer":1,"description":"dong_xiao (18)","properties":{},"px":59.0999984741211,"py":3.59999990463257,"radius":42.0,"scale":1.0,"angle":0.0},{"id":145,"type":101,"layer":1,"description":"4 (4)","properties":{"ballType":27,"birthTime":5.0,"birthMax":2.0},"px":12.6700000762939,"py":31.5200004577637,"radius":493.999981880188,"scale":1.29999995231628,"angle":0.0},{"id":146,"type":58,"layer":1,"description":"yangliu (15)","properties":{},"px":37.2599983215332,"py":20.3999996185303,"radius":380.0,"scale":1.0,"angle":0.0},{"id":147,"type":1,"layer":1,"description":"dashu (9)","properties":{},"px":31.5,"py":40.4799995422363,"radius":380.0,"scale":1.0,"angle":0.0},{"id":148,"type":58,"layer":1,"description":"yangliu (19)","properties":{},"px":39.0499992370605,"py":38.189998626709,"radius":380.0,"scale":1.0,"angle":0.0},{"id":149,"type":55,"layer":1,"description":"island (6)","properties":{},"px":65.3000030517578,"py":5.40000009536743,"radius":542.0,"scale":1.0,"angle":0.0},{"id":150,"type":58,"layer":1,"description":"yangliu (9)","properties":{},"px":61.2200012207031,"py":60.3300018310547,"radius":380.0,"scale":1.0,"angle":0.0},{"id":151,"type":11,"layer":1,"description":"dong_xiao (19)","properties":{},"px":60.9000015258789,"py":53.2999992370605,"radius":42.0,"scale":1.0,"angle":0.0},{"id":152,"type":101,"layer":1,"description":"4 (6)","properties":{"ballType":27,"birthTime":5.0,"birthMax":2.0},"px":64.2900009155273,"py":39.189998626709,"radius":418.000009059906,"scale":1.10000002384186,"angle":0.0},{"id":153,"type":1,"layer":1,"description":"anjiao (3)","properties":{},"px":21.8999996185303,"py":39.9000015258789,"radius":380.0,"scale":1.0,"angle":0.0},{"id":154,"type":11,"layer":1,"description":"dong_xiao","properties":{},"px":10.3999996185303,"py":5.5,"radius":42.0,"scale":1.0,"angle":0.0},{"id":155,"type":1,"layer":1,"description":"anjiao (6)","properties":{},"px":58.5999984741211,"py":69.5,"radius":380.0,"scale":1.0,"angle":0.0},{"id":156,"type":101,"layer":1,"description":"4 (1)","properties":{"ballType":27,"birthTime":5.0,"birthMax":2.0},"px":43.7099990844727,"py":64.5699996948242,"radius":570.0,"scale":1.5,"angle":0.0},{"id":157,"type":1,"layer":1,"description":"dashu (24)","properties":{},"px":11.789999961853,"py":14.2299995422363,"radius":380.0,"scale":1.0,"angle":0.0},{"id":158,"type":4,"layer":1,"description":"hong_da (13)","properties":{},"px":40.2999992370605,"py":48.2000007629395,"radius":380.0,"scale":1.0,"angle":0.0}]}