<terrain startX="1" startZ="35" cols="35" rows="35">
  <cell x="6" z="7" zone="3" />
  <cell x="6" z="8" zone="3" />
  <cell x="6" z="9" zone="3" />
  <cell x="6" z="10" zone="3" />
  <cell x="6" z="11" zone="3" />
  <cell x="6" z="12" zone="3" />
  <cell x="6" z="13" zone="3" />
  <cell x="6" z="14" zone="3" />
  <cell x="6" z="15" zone="3" />
  <cell x="6" z="21" zone="1" />
  <cell x="6" z="22" zone="1" />
  <cell x="6" z="23" zone="1" />
  <cell x="6" z="24" zone="1" />
  <cell x="6" z="25" zone="1" />
  <cell x="6" z="26" zone="1" />
  <cell x="6" z="27" zone="1" />
  <cell x="6" z="28" zone="1" />
  <cell x="6" z="29" zone="1" />
  <cell x="7" z="7" zone="3" />
  <cell x="7" z="8" zone="3" />
  <cell x="7" z="9" zone="3" />
  <cell x="7" z="10" zone="3" />
  <cell x="7" z="11" zone="3" />
  <cell x="7" z="12" zone="3" />
  <cell x="7" z="13" zone="3" />
  <cell x="7" z="14" zone="3" />
  <cell x="7" z="15" zone="3" />
  <cell x="7" z="21" zone="1" />
  <cell x="7" z="22" zone="1" />
  <cell x="7" z="23" zone="1" />
  <cell x="7" z="24" zone="1" />
  <cell x="7" z="25" zone="1" />
  <cell x="7" z="26" zone="1" />
  <cell x="7" z="27" zone="1" />
  <cell x="7" z="28" zone="1" />
  <cell x="7" z="29" zone="1" />
  <cell x="8" z="7" zone="3" />
  <cell x="8" z="8" zone="3" />
  <cell x="8" z="9" zone="3" />
  <cell x="8" z="10" zone="3" />
  <cell x="8" z="11" zone="3" />
  <cell x="8" z="12" zone="3" />
  <cell x="8" z="13" zone="3" />
  <cell x="8" z="14" zone="3" />
  <cell x="8" z="15" zone="3" />
  <cell x="8" z="21" zone="1" />
  <cell x="8" z="22" zone="1" />
  <cell x="8" z="23" zone="1" />
  <cell x="8" z="24" zone="1" />
  <cell x="8" z="25" zone="1" />
  <cell x="8" z="26" zone="1" />
  <cell x="8" z="27" zone="1" />
  <cell x="8" z="28" zone="1" />
  <cell x="8" z="29" zone="1" />
  <cell x="9" z="7" zone="3" />
  <cell x="9" z="8" zone="3" />
  <cell x="9" z="9" zone="3" />
  <cell x="9" z="27" zone="1" />
  <cell x="9" z="28" zone="1" />
  <cell x="9" z="29" zone="1" />
  <cell x="10" z="7" zone="3" />
  <cell x="10" z="8" zone="3" />
  <cell x="10" z="9" zone="3" />
  <cell x="10" z="27" zone="1" />
  <cell x="10" z="28" zone="1" />
  <cell x="10" z="29" zone="1" />
  <cell x="11" z="7" zone="3" />
  <cell x="11" z="8" zone="3" />
  <cell x="11" z="9" zone="3" />
  <cell x="11" z="27" zone="1" />
  <cell x="11" z="28" zone="1" />
  <cell x="11" z="29" zone="1" />
  <cell x="12" z="7" zone="3" />
  <cell x="12" z="8" zone="3" />
  <cell x="12" z="9" zone="3" />
  <cell x="12" z="27" zone="1" />
  <cell x="12" z="28" zone="1" />
  <cell x="12" z="29" zone="1" />
  <cell x="13" z="7" zone="3" />
  <cell x="13" z="8" zone="3" />
  <cell x="13" z="9" zone="3" />
  <cell x="13" z="27" zone="1" />
  <cell x="13" z="28" zone="1" />
  <cell x="13" z="29" zone="1" />
  <cell x="14" z="7" zone="3" />
  <cell x="14" z="8" zone="3" />
  <cell x="14" z="9" zone="3" />
  <cell x="14" z="27" zone="1" />
  <cell x="14" z="28" zone="1" />
  <cell x="14" z="29" zone="1" />
  <cell x="17" z="27" zone="1" />
  <cell x="21" z="7" zone="4" />
  <cell x="21" z="8" zone="4" />
  <cell x="21" z="9" zone="4" />
  <cell x="21" z="27" zone="2" />
  <cell x="21" z="28" zone="2" />
  <cell x="21" z="29" zone="2" />
  <cell x="22" z="7" zone="4" />
  <cell x="22" z="8" zone="4" />
  <cell x="22" z="9" zone="4" />
  <cell x="22" z="27" zone="2" />
  <cell x="22" z="28" zone="2" />
  <cell x="22" z="29" zone="2" />
  <cell x="23" z="7" zone="4" />
  <cell x="23" z="8" zone="4" />
  <cell x="23" z="9" zone="4" />
  <cell x="23" z="27" zone="2" />
  <cell x="23" z="28" zone="2" />
  <cell x="23" z="29" zone="2" />
  <cell x="24" z="7" zone="4" />
  <cell x="24" z="8" zone="4" />
  <cell x="24" z="9" zone="4" />
  <cell x="24" z="27" zone="2" />
  <cell x="24" z="28" zone="2" />
  <cell x="24" z="29" zone="2" />
  <cell x="25" z="7" zone="4" />
  <cell x="25" z="8" zone="4" />
  <cell x="25" z="9" zone="4" />
  <cell x="25" z="27" zone="2" />
  <cell x="25" z="28" zone="2" />
  <cell x="25" z="29" zone="2" />
  <cell x="26" z="7" zone="4" />
  <cell x="26" z="8" zone="4" />
  <cell x="26" z="9" zone="4" />
  <cell x="26" z="27" zone="2" />
  <cell x="26" z="28" zone="2" />
  <cell x="26" z="29" zone="2" />
  <cell x="27" z="7" zone="4" />
  <cell x="27" z="8" zone="4" />
  <cell x="27" z="9" zone="4" />
  <cell x="27" z="10" zone="4" />
  <cell x="27" z="11" zone="4" />
  <cell x="27" z="12" zone="4" />
  <cell x="27" z="13" zone="4" />
  <cell x="27" z="14" zone="4" />
  <cell x="27" z="15" zone="4" />
  <cell x="27" z="21" zone="2" />
  <cell x="27" z="22" zone="2" />
  <cell x="27" z="23" zone="2" />
  <cell x="27" z="24" zone="2" />
  <cell x="27" z="25" zone="2" />
  <cell x="27" z="26" zone="2" />
  <cell x="27" z="27" zone="2" />
  <cell x="27" z="28" zone="2" />
  <cell x="27" z="29" zone="2" />
  <cell x="28" z="7" zone="4" />
  <cell x="28" z="8" zone="4" />
  <cell x="28" z="9" zone="4" />
  <cell x="28" z="10" zone="4" />
  <cell x="28" z="11" zone="4" />
  <cell x="28" z="12" zone="4" />
  <cell x="28" z="13" zone="4" />
  <cell x="28" z="14" zone="4" />
  <cell x="28" z="15" zone="4" />
  <cell x="28" z="21" zone="2" />
  <cell x="28" z="22" zone="2" />
  <cell x="28" z="23" zone="2" />
  <cell x="28" z="24" zone="2" />
  <cell x="28" z="25" zone="2" />
  <cell x="28" z="26" zone="2" />
  <cell x="28" z="27" zone="2" />
  <cell x="28" z="28" zone="2" />
  <cell x="28" z="29" zone="2" />
  <cell x="29" z="7" zone="4" />
  <cell x="29" z="8" zone="4" />
  <cell x="29" z="9" zone="4" />
  <cell x="29" z="10" zone="4" />
  <cell x="29" z="11" zone="4" />
  <cell x="29" z="12" zone="4" />
  <cell x="29" z="13" zone="4" />
  <cell x="29" z="14" zone="4" />
  <cell x="29" z="15" zone="4" />
  <cell x="29" z="21" zone="2" />
  <cell x="29" z="22" zone="2" />
  <cell x="29" z="23" zone="2" />
  <cell x="29" z="24" zone="2" />
  <cell x="29" z="25" zone="2" />
  <cell x="29" z="26" zone="2" />
  <cell x="29" z="27" zone="2" />
  <cell x="29" z="28" zone="2" />
  <cell x="29" z="29" zone="2" />
  <vortex id="1001" pos="(988,0,1742)" />
  <vortex id="1001" pos="(1687,0,2382)" />
  <vortex id="1001" pos="(2382,0,1742)" />
  <vortex id="1001" pos="(1687,0,1101)" />
</terrain>