<?xml version="1.0" encoding="utf-8"?>
<maplist>
  <!--map id="1000">
    <bornpos camp="0" x="0" z="21" />
    <bornpos camp="2" x="31" z="20" />
    <bornpos camp="3" x="22" z="16" />
    <bornpos camp="12" x="15" z="10" />
    <bornpos camp="9" x="11" z="0" />
    <bornpos camp="9" x="1" z="8" />
    <bornpos camp="7" x="9" z="16" />
    <bornpos camp="10" x="19" z="0" />
    <bornpos camp="10" x="0" z="15" />
    <bornpos camp="12" x="30" z="7" />
    <bornpos camp="11" x="30" z="0" />
    <bornpos camp="13" x="21" z="6" />
    <bornpos camp="13" x="0" z="1" />
    <bornpos camp="14" x="12" z="20" />
    <bornpos camp="15" x="19" z="20" />
    <bornpos camp="16" x="30" z="13" />
    <bornpos camp="18" x="9" z="6" />
  </map-->
    <map id="2000">
    <bornpos camp="0" x="0" z="0" />
    <bornpos camp="1" x="0" z="21" />
    <bornpos camp="2" x="31" z="0" />
    <bornpos camp="3" x="31" z="21" />
    <bornpos camp="4" x="11" z="0" />
    <bornpos camp="6" x="10" z="21" />
    <bornpos camp="6" x="21" z="0" />
    <bornpos camp="7" x="20" z="21" />
    <bornpos camp="9" x="0" z="7" />
    <bornpos camp="10" x="31" z="14" />
    <bornpos camp="10" x="0" z="14" />
    <bornpos camp="11" x="31" z="7" />
    <bornpos camp="12" x="9" z="7" />
    <bornpos camp="13" x="23" z="7" />
    <bornpos camp="14" x="23" z="14" />
    <bornpos camp="15" x="16" z="11" />
    <bornpos camp="16" x="9" z="14" />
  </map>
    <!--map id="3000">
    <bornpos camp="0" x="0" z="21" />
    <bornpos camp="2" x="31" z="20" />
    <bornpos camp="3" x="22" z="16" />
    <bornpos camp="12" x="15" z="10" />
    <bornpos camp="9" x="11" z="0" />
    <bornpos camp="9" x="1" z="8" />
    <bornpos camp="7" x="9" z="16" />
    <bornpos camp="10" x="19" z="0" />
    <bornpos camp="10" x="0" z="15" />
    <bornpos camp="12" x="30" z="7" />
    <bornpos camp="11" x="30" z="0" />
    <bornpos camp="13" x="21" z="6" />
    <bornpos camp="16" x="1" z="0" />
    <bornpos camp="14" x="12" z="20" />
    <bornpos camp="15" x="19" z="20" />
    <bornpos camp="16" x="30" z="13" />
    <bornpos camp="18" x="9" z="6" />
  </map>
  <map id="4000">
    <bornpos camp="0" x="0" z="21" />
    <bornpos camp="2" x="31" z="20" />
    <bornpos camp="3" x="22" z="16" />
    <bornpos camp="12" x="15" z="10" />
    <bornpos camp="9" x="11" z="0" />
    <bornpos camp="9" x="1" z="8" />
    <bornpos camp="7" x="9" z="16" />
    <bornpos camp="10" x="19" z="0" />
    <bornpos camp="10" x="0" z="15" />
    <bornpos camp="12" x="30" z="7" />
    <bornpos camp="11" x="30" z="0" />
    <bornpos camp="13" x="21" z="6" />
    <bornpos camp="16" x="1" z="0" />
    <bornpos camp="14" x="12" z="20" />
    <bornpos camp="15" x="19" z="20" />
    <bornpos camp="16" x="30" z="13" />
    <bornpos camp="18" x="9" z="6" />
  </map>
  <map id="5000">
    <bornpos camp="0" x="0" z="21" />
    <bornpos camp="2" x="31" z="20" />
    <bornpos camp="3" x="22" z="16" />
    <bornpos camp="12" x="15" z="10" />
    <bornpos camp="9" x="11" z="0" />
    <bornpos camp="9" x="1" z="8" />
    <bornpos camp="7" x="9" z="16" />
    <bornpos camp="10" x="19" z="0" />
    <bornpos camp="10" x="0" z="15" />
    <bornpos camp="12" x="30" z="7" />
    <bornpos camp="11" x="30" z="0" />
    <bornpos camp="13" x="21" z="6" />
    <bornpos camp="16" x="1" z="0" />
    <bornpos camp="14" x="12" z="20" />
    <bornpos camp="15" x="19" z="20" />
    <bornpos camp="16" x="30" z="13" />
    <bornpos camp="18" x="9" z="6" />
  </map>
    <map id="6000">
    <bornpos camp="0" x="0" z="21" />
    <bornpos camp="2" x="31" z="20" />
    <bornpos camp="3" x="22" z="16" />
    <bornpos camp="12" x="15" z="10" />
    <bornpos camp="9" x="11" z="0" />
    <bornpos camp="9" x="1" z="8" />
    <bornpos camp="7" x="9" z="16" />
    <bornpos camp="10" x="19" z="0" />
    <bornpos camp="10" x="0" z="15" />
    <bornpos camp="12" x="30" z="7" />
    <bornpos camp="11" x="30" z="0" />
    <bornpos camp="13" x="21" z="6" />
    <bornpos camp="16" x="1" z="0" />
    <bornpos camp="14" x="12" z="20" />
    <bornpos camp="15" x="19" z="20" />
    <bornpos camp="16" x="30" z="13" />
    <bornpos camp="18" x="9" z="6" />
  </map-->
</maplist>
