<root>
  <item id="2000" x="2545.895" z="3293.321" type="2" />
  <item id="2001" x="2746.322" z="3014.106" type="2" />
  <item id="2002" x="2938.349" z="3282.905" type="2" />
  <item id="2003" x="3030.024" z="2780.695" type="2" />
  <item id="2004" x="2803.152" z="1899.22" type="2" />
  <item id="2005" x="3239.701" z="2578.197" type="2" />
  <item id="2006" x="3241.113" z="2920.243" type="2" />
  <item id="2007" x="700.3674" z="1896.807" type="2" />
  <item id="2008" x="2605.229" z="245.8813" type="2" />
  <item id="2009" x="2947.235" z="251.3151" type="2" />
  <item id="2010" x="609.7009" z="1896.989" type="2" />
  <item id="2011" x="3152.47" z="3137.613" type="2" />
  <item id="2012" x="697.7184" z="1573.256" type="2" />
  <item id="2013" x="609.0509" z="1573.434" type="2" />
  <item id="2014" x="2808.707" z="1575.706" type="2" />
  <item id="2015" x="805.2003" z="3230.391" type="2" />
  <item id="2016" x="463.1533" z="3229.199" type="2" />
  <item id="2017" x="1872.711" z="2707.911" type="2" />
  <item id="2018" x="1549.156" z="2709.91" type="2" />
  <item id="2019" x="1549.156" z="2798.578" type="2" />
  <item id="2020" x="1872.711" z="2798.578" type="2" />
  <item id="2021" x="246.4649" z="3138.903" type="2" />
  <item id="2022" x="2720.063" z="1573.636" type="2" />
  <item id="2023" x="2712.51" z="1897.103" type="2" />
  <item id="2024" x="102.8072" z="2923.683" type="2" />
  <item id="2025" x="604.3049" z="3019.179" type="2" />
  <item id="2026" x="95.3794" z="2531.161" type="2" />
  <item id="2027" x="373.06" z="2733.708" type="2" />
  <item id="2028" x="2803.489" z="459.5682" type="2" />
  <item id="2029" x="360.8889" z="688.3556" type="2" />
  <item id="2030" x="2062.604" z="2023.07" type="2" />
  <item id="2031" x="2057.541" z="1414.227" type="2" />
  <item id="2032" x="1549.156" z="803.9111" type="2" />
  <item id="2033" x="1549.156" z="715.2434" type="2" />
  <item id="2034" x="1362.818" z="2049.424" type="2" />
  <item id="2035" x="1956.267" z="1916.089" type="2" />
  <item id="2036" x="1486.933" z="1522.845" type="2" />
  <item id="2037" x="151.1111" z="546.8445" type="2" />
  <item id="2038" x="149.3333" z="888.8889" type="2" />
  <item id="2039" x="1872.711" z="803.9111" type="2" />
  <item id="2040" x="3303.764" z="561.2771" type="2" />
  <item id="2041" x="241.7778" z="330.3111" type="2" />
  <item id="2042" x="457.2444" z="187.0222" type="2" />
  <item id="2043" x="3162.787" z="344.2911" type="2" />
  <item id="2044" x="1386.667" z="1418.667" type="2" />
  <item id="2045" x="849.7778" z="180.2667" type="2" />
  <item id="2046" x="1872.711" z="713.2444" type="2" />
  <item id="2047" x="646.7556" z="457.6" type="2" />
  <item id="2048" x="3031.176" z="747.8851" type="2" />
  <item id="2049" x="3306.323" z="953.8602" type="2" />
  <item id="3050" x="2807.783" z="1792.276" type="3" />
  <item id="3051" x="2810.34" z="1682.795" type="3" />
  <item id="3052" x="2721.045" z="1683.911" type="3" />
  <item id="3053" x="2718.563" z="1790.193" type="3" />
  <item id="3054" x="2066.753" z="1520.554" type="3" />
  <item id="3055" x="2058.256" z="1916.433" type="3" />
  <item id="3056" x="613.0414" z="1789.96" type="3" />
  <item id="3057" x="1951.213" z="1423.439" type="3" />
  <item id="3058" x="1956.686" z="1526.405" type="3" />
  <item id="3059" x="612.8279" z="1683.649" type="3" />
  <item id="3060" x="1469.391" z="2043.716" type="3" />
  <item id="3061" x="1467.31" z="1940.626" type="3" />
  <item id="3062" x="1357.11" z="1942.851" type="3" />
  <item id="3063" x="702.2857" z="1789.781" type="3" />
  <item id="3064" x="702.0657" z="1680.27" type="3" />
  <item id="3065" x="1955.966" z="2027.417" type="3" />
  <item id="3066" x="1659.378" z="2795.022" type="3" />
  <item id="3067" x="1390.222" z="1525.333" type="3" />
  <item id="3068" x="1493.333" z="1415.111" type="3" />
  <item id="3069" x="1765.689" z="800.3556" type="3" />
  <item id="3070" x="1659.378" z="800.3556" type="3" />
  <item id="3071" x="2083.867" z="453.6537" type="3" />
  <item id="3072" x="3029.864" z="1103.447" type="3" />
  <item id="3073" x="2414.553" z="453.6328" type="3" />
  <item id="3074" x="2242.545" z="245.5601" type="3" />
  <item id="3075" x="362.6667" z="1408" type="3" />
  <item id="3076" x="1002.311" z="455.1111" type="3" />
  <item id="3077" x="359.1111" z="1077.333" type="3" />
  <item id="3078" x="152.8889" z="1251.556" type="3" />
  <item id="3079" x="1656.178" z="711.1111" type="3" />
  <item id="3080" x="1765.689" z="711.1111" type="3" />
  <item id="3081" x="1328" z="455.1111" type="3" />
  <item id="3082" x="1175.111" z="190.2222" type="3" />
  <item id="3083" x="3026.383" z="1429.117" type="3" />
  <item id="3084" x="369.9622" z="2378.157" type="3" />
  <item id="3085" x="369.4044" z="2052.469" type="3" />
  <item id="3086" x="1167.86" z="3226.214" type="3" />
  <item id="3087" x="1323.945" z="3016.169" type="3" />
  <item id="3088" x="1765.689" z="2705.778" type="3" />
  <item id="3089" x="1765.689" z="2795.022" type="3" />
  <item id="3090" x="104.7778" z="2205.812" type="3" />
  <item id="3091" x="1656.178" z="2705.778" type="3" />
  <item id="3092" x="3232.763" z="2215.579" type="3" />
  <item id="3093" x="3021.535" z="2061.098" type="3" />
  <item id="3094" x="3292.891" z="1279.068" type="3" />
  <item id="3095" x="3028.175" z="2391.717" type="3" />
  <item id="3096" x="2220.483" z="3286.4" type="3" />
  <item id="3097" x="993.2852" z="3020.291" type="3" />
  <item id="3098" x="2390.805" z="3019.911" type="3" />
  <item id="3099" x="2065.131" z="3022.948" type="3" />
</root>